name;frameTime;pcm_fftMag_mfcc[0];pcm_fftMag_mfcc[1];pcm_fftMag_mfcc[2];pcm_fftMag_mfcc[3];pcm_fftMag_mfcc[4];pcm_fftMag_mfcc[5];pcm_fftMag_mfcc[6];pcm_fftMag_mfcc[7];pcm_fftMag_mfcc[8];pcm_fftMag_mfcc[9];pcm_fftMag_mfcc[10];pcm_fftMag_mfcc[11];pcm_fftMag_mfcc[12];pcm_fftMag_mfcc_de[0];pcm_fftMag_mfcc_de[1];pcm_fftMag_mfcc_de[2];pcm_fftMag_mfcc_de[3];pcm_fftMag_mfcc_de[4];pcm_fftMag_mfcc_de[5];pcm_fftMag_mfcc_de[6];pcm_fftMag_mfcc_de[7];pcm_fftMag_mfcc_de[8];pcm_fftMag_mfcc_de[9];pcm_fftMag_mfcc_de[10];pcm_fftMag_mfcc_de[11];pcm_fftMag_mfcc_de[12];pcm_fftMag_mfcc_de_de[0];pcm_fftMag_mfcc_de_de[1];pcm_fftMag_mfcc_de_de[2];pcm_fftMag_mfcc_de_de[3];pcm_fftMag_mfcc_de_de[4];pcm_fftMag_mfcc_de_de[5];pcm_fftMag_mfcc_de_de[6];pcm_fftMag_mfcc_de_de[7];pcm_fftMag_mfcc_de_de[8];pcm_fftMag_mfcc_de_de[9];pcm_fftMag_mfcc_de_de[10];pcm_fftMag_mfcc_de_de[11];pcm_fftMag_mfcc_de_de[12]
'unknown';0.000000;-1.118597e+01;1.068486e+01;-1.539266e+00;8.592357e+00;1.876461e+00;-1.236452e+01;-6.685745e+00;1.315293e+01;-6.909452e+00;-2.046819e+00;-4.522052e+00;3.128048e+00;1.144159e+02;-4.217716e-01;3.837501e-01;2.132675e-01;-2.221069e+00;-1.875152e+00;2.234092e+00;7.904443e-01;-5.015964e+00;-1.711444e+00;-2.536122e+00;-3.172282e+00;-4.364847e+00;-2.066750e-01;-2.292364e-01;-2.626896e-01;2.670688e-01;2.313634e-01;4.438098e-01;-3.750683e-02;6.051478e-01;1.145316e+00;8.904942e-01;9.280422e-02;6.315818e-01;4.549791e-01;6.768967e-02
'unknown';0.010000;-9.681713e+00;1.607982e+01;-4.228527e-01;3.228991e+00;1.847359e+00;-4.483139e+00;-4.291990e+00;-7.823387e-01;-1.377313e+01;6.148130e-01;-1.277917e+01;-7.099784e-01;1.145020e+02;-5.957697e-01;-1.491261e-01;2.717711e-01;-8.830462e-01;-1.648208e+00;1.686268e+00;1.655084e+00;-3.490243e+00;-1.523909e-01;-3.291777e+00;-1.943292e+00;-3.873725e+00;-3.595344e-01;-4.380413e-01;-4.219462e-01;7.516724e-01;1.311735e-01;1.066617e+00;-2.536367e-01;4.282795e-01;2.375001e+00;9.453896e-01;2.110520e-01;1.390905e+00;9.931566e-01;2.919151e-01
'unknown';0.020000;-1.404696e+01;9.906126e+00;-1.031135e+00;1.686941e-01;-7.484748e+00;-5.134749e+00;-3.930402e+00;-4.959256e+00;-1.203483e+01;-1.605824e+01;-1.625490e+01;-1.677717e+01;1.133394e+02;-1.480954e+00;-6.632595e-01;1.519360e+00;-1.733263e+00;2.304252e-01;2.320470e+00;3.383863e+00;-5.224342e-02;1.961501e+00;-1.694273e+00;-6.288677e-01;-2.335512e+00;2.082031e-01;-3.405846e-01;1.794279e-03;1.156113e+00;-1.046872e-01;1.124591e+00;-3.341844e-01;-2.602994e-01;2.147716e+00;4.080451e-03;8.121165e-01;1.768139e+00;1.791286e+00;4.949266e-01
'unknown';0.030000;-1.273433e+01;1.032859e+01;-4.344759e-01;8.388957e+00;-1.683976e+00;-7.548062e+00;2.120029e-01;4.757805e+00;-5.108717e+00;-1.149999e+01;-8.372087e+00;-6.287968e+00;1.131564e+02;-2.082386e+00;-1.202476e+00;3.318584e+00;-1.809104e+00;2.405147e+00;9.227198e-01;1.635132e+00;4.377181e+00;1.179032e+00;-1.901786e+00;2.510534e+00;-4.137316e-01;1.045461e+00;-7.747483e-02;4.766262e-01;1.029745e+00;-3.710089e-01;3.421584e-01;-2.043075e-01;-1.117389e+00;3.589680e-01;-8.232864e-01;8.343536e-01;9.688064e-01;1.684762e+00;4.797724e-01
'unknown';0.040000;-1.706444e+01;1.024418e+01;6.063344e+00;-2.653943e+00;4.794255e+00;7.702904e-01;7.981575e+00;1.012164e+01;-1.434154e+00;-4.460785e+00;-9.869933e+00;-5.760516e+00;1.161297e+02;-1.381386e+00;9.193965e-01;4.470427e+00;-2.281476e+00;1.721127e+00;9.449443e-01;-5.010768e-01;1.788903e+00;-2.356753e+00;8.294653e-01;3.441502e+00;2.861588e+00;1.565460e+00;4.600583e-01;7.496907e-01;-2.282196e-01;6.417079e-02;-1.105392e+00;-9.234747e-01;-2.159654e+00;-1.660387e+00;-6.408119e-01;6.302919e-01;3.412855e-01;8.762066e-01;-4.775393e-03
'unknown';0.050000;-1.858491e+01;9.898419e+00;1.262283e+01;-4.405211e+00;7.733591e+00;-2.822060e+00;-2.072317e+00;1.356312e+01;-1.317831e+01;-1.469285e+01;-3.418988e+00;-8.286964e+00;1.183342e+02;-1.032928e+00;1.442677e+00;3.944961e+00;-2.463984e+00;-6.827668e-01;1.352494e+00;-1.989392e+00;-2.615976e+00;-2.109697e+00;-3.818784e-01;8.655554e-01;1.951535e+00;1.360699e+00;8.966299e-01;5.958812e-01;-1.647124e+00;2.393867e-01;-1.957228e+00;-1.497159e+00;-1.651299e+00;-2.335484e+00;8.954838e-01;8.948120e-01;-2.953833e-01;-1.959898e-01;-3.775827e-01
'unknown';0.060000;-1.802860e+01;1.471820e+01;1.479235e+01;-4.841600e+00;-3.587898e+00;-2.773029e+00;-5.293626e+00;-4.173983e-01;-1.978380e+01;-1.031449e+01;-1.523942e+00;-1.469733e+00;1.185779e+02;2.946075e-01;1.762617e+00;6.507321e-02;-1.084969e+00;-3.752576e+00;-2.511791e+00;-5.602146e+00;-4.857600e+00;4.018055e-01;6.972325e-01;1.900049e+00;8.628885e-01;2.670746e-02;8.112231e-01;-8.927642e-02;-2.003891e+00;4.801338e-01;-9.323031e-01;-1.735976e+00;-5.182050e-01;-9.172891e-01;1.440847e+00;7.219445e-01;-2.966990e-01;-1.410289e+00;-5.423719e-01
'unknown';0.070000;-1.741688e+01;1.530497e+01;1.492583e+01;-2.837135e+00;-9.067333e-01;9.860668e-01;-3.097356e+00;-3.052554e+00;-6.482378e+00;-1.048253e+01;-8.217306e+00;1.324314e+00;1.187358e+02;1.562766e+00;1.355319e+00;-2.714361e+00;-1.210424e+00;-4.644145e+00;-4.834709e+00;-4.070828e+00;-3.976988e+00;4.277172e+00;2.638390e+00;1.804344e+00;-3.943309e-01;-7.307587e-02;5.297884e-01;-2.174086e-01;-1.161186e+00;6.546327e-01;5.218685e-01;-9.169963e-01;5.412254e-01;4.155980e-01;1.496874e-01;5.298743e-01;1.440594e-01;-1.149698e+00;-4.259044e-01
'unknown';0.080000;-1.617541e+01;1.635399e+01;5.237211e+00;-8.862828e+00;-9.648462e+00;-1.369273e+01;-1.951663e+01;-5.858521e+00;-2.773093e+00;-3.079782e+00;2.029472e+00;-6.251713e+00;1.160624e+02;1.376882e+00;5.166931e-01;-2.219367e+00;-5.075868e-01;-9.596995e-01;-4.641334e+00;-2.051384e+00;-2.117036e+00;1.654045e+00;2.929054e+00;1.488613e+00;-3.016926e+00;-4.295120e-01;-2.487122e-02;-2.846389e-01;5.194192e-01;5.469536e-01;1.895875e+00;1.441514e+00;1.724664e+00;1.681145e+00;-9.421412e-01;-5.499964e-01;-5.795311e-01;-1.236941e-01;-1.500790e-01
'unknown';0.090000;-1.169767e+01;1.585712e+01;3.828591e+00;-8.446717e+00;-1.245685e+01;-2.153576e+01;-1.531495e+01;-3.601260e+00;-2.978048e-01;-5.118249e+00;3.826024e+00;-7.867629e+00;1.192265e+02;1.074877e+00;9.785957e-01;-7.187480e-01;5.204883e-01;5.301375e-01;-2.167717e+00;-1.058646e+00;-1.908267e+00;-1.987379e+00;1.151582e+00;1.791570e+00;-1.857049e+00;-5.407135e-01;-4.008060e-01;-4.183470e-01;7.920331e-01;4.584240e-01;1.956196e+00;2.838970e+00;1.679496e+00;2.466532e+00;-9.267985e-01;-8.563819e-01;-8.457824e-01;5.533286e-01;-1.614240e-01
'unknown';0.100000;-1.400379e+01;1.702559e+01;9.244127e+00;-4.574743e+00;-2.611335e+00;-1.471879e+01;-9.441748e+00;-1.072823e+01;-1.460586e+01;1.648640e+00;-1.025431e-01;-1.195839e+01;1.161849e+02;4.141958e-01;5.277842e-01;1.664363e+00;7.843424e-01;3.139659e+00;3.362283e+00;1.515082e+00;2.513768e+00;-1.176625e+00;-1.309345e+00;-9.912198e-01;9.757769e-01;-4.898689e-01;-5.628643e-02;-7.588184e-01;-5.015427e-01;2.545431e-02;7.230752e-01;2.309937e+00;1.304725e+00;3.070364e+00;1.414385e+00;-4.038425e-01;-6.722827e-01;1.078047e+00;1.179919e-01
'unknown';0.110000;-1.312831e+01;1.986215e+01;9.328628e+00;-2.378736e+00;-1.774609e+00;-9.339488e+00;-1.342803e+01;-1.015904e+01;-1.050289e+01;-7.088829e+00;1.806554e+00;-5.107590e+00;1.159710e+02;4.007931e-02;-7.419609e-01;-6.960607e-01;4.357315e-01;3.087157e+00;5.358335e+00;2.543417e+00;6.040272e+00;1.058515e+00;4.756806e-01;-1.184652e+00;3.759605e-01;-8.500175e-01;2.326844e-01;-1.404474e+00;-1.906943e+00;-3.189061e-01;-1.763751e-01;9.459816e-01;1.365582e+00;2.113387e+00;1.982826e+00;7.708230e-02;-3.961543e-01;9.841684e-01;3.137220e-01
'unknown';0.120000;-1.338911e+01;1.699039e+01;1.080901e+01;-7.975107e+00;7.087103e-01;-2.979445e+00;-1.288469e+01;9.989205e+00;-3.553674e+00;-8.641219e+00;-1.916892e+00;-2.752848e+00;1.152408e+02;1.612849e+00;-2.417120e+00;-4.738425e+00;-3.379368e-01;1.377167e+00;3.145326e+00;2.671209e+00;9.260512e+00;7.203026e+00;1.247792e+00;-3.846896e-01;1.256802e+00;3.150993e-01;3.333275e-01;-1.140383e+00;-2.132178e+00;-1.704960e-01;-8.651708e-01;-5.255419e-01;6.508048e-01;-1.055060e+00;5.178198e-01;2.252693e-01;5.176840e-01;1.014201e+00;3.451907e-01
'unknown';0.130000;-1.180462e+01;1.216491e+01;-4.341518e-01;-4.567878e+00;1.318910e+00;-6.137533e-01;-8.763969e-01;1.624138e+01;-5.313233e-01;2.405083e+00;-1.190061e+00;-1.059060e+01;1.154485e+02;1.638973e+00;-4.571324e+00;-7.052068e+00;-5.129027e-01;5.295082e-01;2.670670e+00;5.191199e+00;5.285294e+00;3.736926e+00;2.584251e-01;-4.924660e-01;2.923281e+00;6.254120e-01;-1.778268e-01;-8.926000e-02;-2.522666e-01;-1.847343e-01;-1.410818e+00;-1.447973e+00;-8.604857e-01;-3.778148e+00;-1.507152e+00;-4.982223e-01;3.860639e-01;1.084135e+00;6.918259e-02
'unknown';0.140000;-6.601394e+00;8.788601e+00;-9.566607e+00;-5.169856e+00;2.727738e+00;-3.355024e+00;-2.361518e+00;2.237413e+01;1.642349e+01;3.140645e+00;-5.276840e-01;-2.932881e+00;1.180217e+02;1.281387e+00;-3.259447e+00;-5.818524e+00;4.061796e-01;9.262965e-02;2.078406e+00;3.445215e+00;-2.384044e+00;7.326818e-02;-7.437114e-02;1.251107e+00;4.773122e+00;4.983696e-01;-7.759002e-01;1.369207e+00;2.137576e+00;6.991912e-01;-8.077143e-01;-1.317485e+00;-1.952925e+00;-4.623484e+00;-3.279650e+00;-4.603966e-01;3.069965e-01;-2.181375e-02;-4.577989e-01
'unknown';0.150000;-8.327304e+00;1.106423e+00;-1.574391e+01;-6.345875e+00;-1.365822e-01;4.201652e+00;7.266383e+00;1.007497e+01;-1.806841e+00;-1.168764e+01;-1.350381e+00;9.598832e+00;1.177076e+02;-6.833234e-01;-7.670978e-01;-1.417344e+00;-8.599983e-01;-3.324664e+00;-1.348070e+00;-2.146014e+00;-7.028190e+00;-2.912368e+00;-1.354349e+00;-7.223053e-02;4.038476e+00;-5.957397e-01;-5.852356e-01;2.112648e+00;2.987542e+00;1.148208e+00;1.450349e-02;-1.269645e+00;-2.091898e+00;-1.920085e+00;-1.186101e+00;6.018809e-01;3.195326e-01;-1.883824e+00;-5.192419e-01
'unknown';0.160000;-8.720835e+00;6.222407e+00;-1.062874e+01;-5.055211e+00;1.899605e+00;5.004883e+00;2.699994e-01;1.152190e+00;-2.549574e+00;-1.966715e+00;4.418804e+00;1.101804e+01;1.166031e+02;-1.105504e+00;2.526802e+00;3.132092e+00;3.331567e+00;-7.343191e-01;-1.432729e+00;-3.424812e+00;-7.700166e+00;-5.870578e+00;-2.478037e-01;9.401749e-01;5.901355e-01;-1.363319e+00;-1.203455e-01;1.128190e+00;1.827898e+00;5.319427e-01;4.296266e-01;-8.345888e-01;-1.254269e-01;2.109439e+00;9.724681e-01;8.143687e-01;-2.407443e-01;-2.454724e+00;-2.177999e-01
'unknown';0.170000;-1.416151e+01;9.612520e+00;-6.989806e+00;-8.925193e+00;-1.489034e+01;-1.153406e+01;-1.292223e+01;-8.288597e+00;-5.606634e+00;-1.812982e+00;-4.024457e+00;2.626318e+00;1.131791e+02;-9.376011e-02;3.098794e+00;3.410332e+00;3.765442e+00;1.015500e+00;-1.921988e+00;-1.833279e+00;-1.657070e+00;7.783453e-01;3.354546e+00;1.260663e+00;-4.404347e+00;-1.039953e+00;5.290296e-01;-2.720634e-01;-4.100351e-01;-5.652488e-01;7.493874e-01;3.816447e-01;2.058639e+00;3.964479e+00;1.839134e+00;8.196249e-01;-3.783605e-01;-1.363345e+00;2.921181e-01
'unknown';0.180000;-9.211809e+00;1.716956e+01;1.716802e+00;1.277764e+01;6.433024e+00;-2.650816e+00;-9.391272e+00;-6.944924e+00;-1.102950e+01;-3.035700e+00;5.510229e+00;3.504053e+00;1.134693e+02;3.848777e-01;4.485596e-01;9.071298e-01;7.531734e-01;7.068042e-02;-1.807579e+00;2.661713e+00;5.477591e+00;3.090252e+00;1.643025e+00;-6.190612e-01;-3.279086e+00;-3.685234e-01;4.937705e-01;-1.152841e+00;-1.907646e+00;-2.098000e+00;-5.211689e-01;5.933162e-01;1.972540e+00;2.779487e+00;1.327520e+00;2.695891e-01;-6.547092e-01;1.772242e-01;5.141438e-01
'unknown';0.190000;-8.550617e+00;1.112682e+01;-4.865011e+00;3.564911e+00;2.674208e+00;-1.580438e+00;2.930624e+00;5.838176e+00;6.324851e+00;5.619587e+00;4.407222e+00;-8.665909e+00;1.140747e+02;1.216634e+00;-1.088294e+00;-2.355038e+00;-2.397046e+00;1.977291e-02;7.475781e-01;5.103916e+00;6.205329e+00;1.802888e+00;1.798361e+00;-1.184415e+00;-8.436405e-01;3.674530e-01;1.983534e-01;-6.539888e-01;-1.449045e+00;-1.437333e+00;-6.134001e-01;1.079740e+00;9.449823e-01;-4.283407e-01;-1.126830e+00;-9.611823e-01;-6.905736e-01;1.057047e+00;3.953784e-01
'unknown';0.200000;-9.601893e+00;7.708055e+00;-7.155485e+00;-7.534396e+00;-6.529269e+00;-9.009825e+00;5.652142e+00;2.147676e+01;6.935943e+00;2.532124e+00;-2.892342e+00;2.687272e-01;1.143127e+02;7.081515e-01;-1.143859e+00;-3.523453e+00;-4.077189e+00;-2.842300e+00;1.990683e-01;2.969292e+00;2.266068e+00;2.547503e-01;1.878234e+00;-1.110832e+00;-3.040970e-01;5.036964e-01;5.341115e-02;3.703467e-01;-3.362467e-02;1.221584e-01;-5.372605e-02;9.206609e-01;-8.943558e-01;-2.758864e+00;-1.926881e+00;-9.654211e-01;8.404529e-02;5.494889e-01;1.534179e-01
'unknown';0.210000;-7.883300e+00;8.901803e+00;-1.432885e+01;-1.075441e+01;-8.310333e+00;-4.616663e+00;5.075648e+00;8.527210e+00;-5.574917e+00;4.394913e+00;-5.745246e+00;2.577784e-02;1.145947e+02;7.363700e-01;6.250596e-01;-1.619603e+00;-1.006044e+00;-5.950102e-01;2.473390e+00;2.737843e+00;-2.193012e+00;-3.438056e+00;-1.568970e+00;-1.946319e+00;-6.066090e-01;5.008293e-01;-2.109431e-01;5.018200e-01;8.781627e-01;5.902375e-01;-8.885773e-02;-2.508375e-01;-1.724471e+00;-1.758734e+00;-1.362211e+00;-1.291581e+00;2.198606e-01;1.613532e-02;-4.640503e-02
'unknown';0.220000;-6.004710e+00;1.256277e+01;-1.116854e+01;-4.486491e-01;-2.286208e+00;-1.373624e-01;4.382679e+00;3.040898e+00;-3.805868e+00;6.967807e+00;5.032301e+00;-2.362275e+00;1.157279e+02;8.920654e-01;1.443617e+00;3.712887e-01;6.684645e-01;1.094417e-01;1.932819e+00;-6.270292e-01;-4.117560e+00;-3.923683e+00;-1.500415e+00;1.821174e-01;-6.501571e-01;3.318779e-01;-2.178471e-01;1.202543e-01;6.466931e-01;-8.941410e-02;-4.945086e-01;-1.244532e+00;-1.255861e+00;-3.507470e-01;-7.426073e-01;-1.211704e+00;4.465497e-02;4.532703e-01;-1.538927e-01
'unknown';0.230000;-6.667359e+00;1.182476e+01;-1.095650e+01;-5.008182e+00;-2.422373e+00;6.350281e+00;1.725457e+01;4.091043e+00;-5.494527e+00;-4.443108e+00;-9.286694e+00;-1.038345e+01;1.158713e+02;6.996121e-02;1.270678e-01;8.840394e-02;-1.818685e+00;-1.900387e+00;-1.373485e+00;-1.720280e+00;6.034707e-01;-2.918952e+00;-2.970217e+00;-7.315866e-01;-5.899339e-01;2.213371e-01;-2.632348e-01;-4.005988e-01;-1.032110e-02;-5.147462e-01;-9.120041e-01;-1.727261e+00;-9.423224e-01;3.192134e-01;5.783914e-01;1.584119e-01;2.922738e-01;7.430495e-01;-1.701595e-01
'unknown';0.240000;-5.749537e+00;1.346466e+01;-6.985220e+00;-7.065185e+00;-8.926041e+00;-4.829203e+00;-3.572466e+00;3.107038e+00;-1.272267e+01;-5.509407e-01;-2.110311e-01;2.222557e+00;1.153338e+02;-4.787936e-02;-2.935920e-01;-1.143991e+00;-4.117939e+00;-4.662155e+00;-4.100154e+00;-1.080953e+00;-8.859083e-01;-3.717838e+00;-3.479661e+00;-1.494924e+00;1.953917e+00;-1.260208e-01;-1.569164e-01;-4.205985e-01;-8.978628e-02;2.052036e-01;-1.200120e-02;-4.030558e-01;6.342289e-01;7.501748e-01;1.793873e+00;1.017504e+00;2.561437e-01;4.491571e-01;-7.229286e-02
'unknown';0.250000;-7.661080e+00;9.086199e+00;-1.597850e+01;-1.653956e+01;-1.449235e+01;-9.138166e+00;4.518216e-01;1.151149e+01;-1.571128e+01;-6.696800e+00;-6.781513e+00;-5.216308e+00;1.158984e+02;-1.098316e-01;-5.093299e-01;-9.135685e-01;-1.186573e+00;-2.769232e+00;-3.146428e+00;-1.746808e+00;-2.212771e+00;-6.490213e-01;2.127117e-01;3.535708e-01;1.806602e+00;-1.210190e-01;1.428162e-01;4.029842e-02;5.267969e-01;1.620707e+00;1.395087e+00;1.234101e+00;9.169858e-01;-5.782538e-02;1.934032e+00;1.523146e+00;9.312820e-01;3.273470e-01;2.409135e-03
'unknown';0.260000;-5.747246e+00;1.246409e+01;-1.437750e+01;-1.527266e+01;-1.956199e+01;-1.289391e+01;7.379289e+00;-5.098869e+00;-1.728668e+01;-9.303648e+00;-3.694909e+00;4.823738e+00;1.150842e+02;1.973798e-01;-3.411771e-01;4.233435e-01;1.378427e+00;4.838583e-01;8.040119e-01;2.557379e+00;1.041435e+00;3.910715e+00;1.995643e+00;9.202573e-01;3.973607e-01;1.415916e-01;5.458948e-02;-4.297344e-02;6.881467e-01;2.083319e+00;2.324209e+00;1.807363e+00;1.355712e-01;5.873031e-01;1.493573e+00;1.103418e+00;6.734670e-01;-7.337870e-01;6.021126e-02
'unknown';0.270000;-7.217662e+00;9.778392e+00;-1.182820e+01;-6.837312e+00;-1.095056e+01;-5.349505e+00;3.044653e+00;-2.869860e+00;-6.457625e+00;9.968048e-01;-5.776901e+00;-2.651036e+00;1.153910e+02;6.614124e-01;3.523525e-01;1.938721e+00;3.536666e+00;2.502041e+00;2.344938e+00;1.045483e+00;-6.493276e-01;2.936930e+00;1.907859e+00;2.717233e+00;1.825079e+00;9.957657e-02;1.085513e-01;-3.553640e-02;1.496817e-01;7.653891e-01;1.546231e+00;7.675921e-01;-5.204021e-01;8.503578e-01;8.505161e-02;3.018958e-01;-2.553400e-01;-6.780838e-01;4.715180e-02
'unknown';0.280000;-4.984347e+00;1.141268e+01;-6.943651e+00;-5.024175e+00;-8.277647e+00;-2.703473e+00;7.918013e+00;1.550489e+01;2.204081e+00;5.580473e+00;3.887949e+00;2.926724e+00;1.162954e+02;-1.605540e-01;-9.393004e-01;8.705975e-01;3.937039e+00;4.323256e+00;2.190979e+00;-1.799243e+00;1.268885e+00;1.957050e+00;1.189854e+00;6.905798e-01;-1.724257e+00;6.473770e-02;-5.461230e-02;-1.871551e-02;-4.266540e-01;-4.061252e-01;2.856597e-01;-3.183040e-01;-1.178850e+00;3.589635e-02;-9.468170e-01;-2.415494e-02;-9.537180e-01;-7.655693e-01;-4.215240e-03
'unknown';0.290000;-4.735468e+00;1.137367e+01;-1.000181e+01;-3.980472e+00;-7.624322e+00;-2.508695e+00;5.409876e+00;-2.037023e+00;-1.077201e+01;-4.599564e+00;3.013224e+00;4.857597e+00;1.157907e+02;6.118917e-01;-3.879503e-01;-3.887869e-01;1.361066e+00;3.042222e+00;-1.951027e-03;-2.170507e+00;1.925292e+00;7.530693e-01;2.125085e+00;-8.082906e-01;-5.230089e-01;1.531670e-01;-2.489635e-01;-1.320360e-01;-5.934560e-01;-9.932178e-01;-7.211458e-01;-4.430946e-01;-3.005922e-01;4.230464e-01;-4.026085e-01;7.062829e-02;-6.499422e-01;-2.800962e-01;1.718902e-03
'unknown';0.300000;-7.791113e+00;6.969953e+00;-1.093770e+01;2.984117e+00;3.911685e-01;-3.359419e+00;-2.799535e+00;8.291403e-01;-5.344241e+00;-5.561950e-01;-4.637072e+00;-7.551862e+00;1.152080e+02;-5.092132e-02;-6.460323e-02;-5.461727e-01;4.355999e-01;1.642066e+00;3.859365e-01;-1.728874e+00;-6.639366e-02;2.685603e-01;1.766256e+00;-2.085571e+00;-2.256442e+00;9.372024e-02;-1.645050e-01;2.080516e-01;-1.258734e-01;-7.773959e-01;-1.078334e+00;-7.266907e-02;9.463194e-01;-4.012537e-03;-3.868954e-01;-4.481501e-01;3.624063e-01;6.971585e-01;-2.992561e-02
'unknown';0.310000;-2.754821e+00;1.006000e+01;-1.177511e+01;-4.036126e+00;-7.385671e-02;-5.031288e+00;-2.449110e+00;1.409447e+01;1.081882e+00;1.469057e+01;-5.555843e+00;-2.678719e-02;1.167005e+02;-6.382214e-01;-7.451760e-01;-3.201737e-01;3.212964e-01;2.369062e-01;1.031986e+00;-4.926621e-01;2.133543e+00;1.768133e+00;1.972800e+00;8.555975e-01;6.906906e-01;9.367981e-02;-2.298602e-01;2.558101e-01;1.054072e-01;-1.146645e-01;-8.350947e-01;3.004262e-01;7.060652e-01;-8.173484e-01;-3.698861e-01;-1.067307e+00;6.991438e-01;6.965333e-01;-1.133564e-01
'unknown';0.320000;-6.229277e+00;1.174650e+01;-8.787868e+00;-2.818348e+00;-3.842547e+00;4.875056e-01;3.203135e+00;7.107171e+00;-2.380064e+00;4.766686e+00;-2.255373e+00;-5.913293e+00;1.163091e+02;-3.580222e-01;2.795707e-01;2.069242e-01;5.699444e-01;3.342451e-01;1.310665e+00;2.093432e+00;1.144697e+00;-4.849587e-01;-9.747537e-01;1.670667e+00;1.154686e+00;-5.514679e-02;1.215040e-01;3.477543e-01;1.762124e-01;1.168010e-01;-1.868829e-01;-4.418841e-01;-4.275846e-01;-1.063786e+00;-5.045531e-01;-8.413469e-01;3.652374e-01;7.513399e-01;-1.367351e-01
'unknown';0.330000;-8.707493e+00;5.259518e+00;-1.267760e+01;5.272430e-01;-4.322933e+00;7.277727e-01;-5.476904e-02;5.491680e+00;-3.413435e+00;2.602995e+00;6.100362e+00;7.491766e+00;1.157085e+02;-3.838589e-01;7.190135e-01;-2.382992e-01;7.205716e-01;-4.793414e-01;1.037816e+00;-5.513344e-01;-2.766995e+00;-7.196016e-01;-1.840943e+00;8.093091e-01;1.254093e+00;-3.391815e-01;3.292375e-01;6.298590e-01;3.878126e-01;-3.125261e-01;-1.101433e-01;-9.853622e-01;-6.993669e-01;-1.303340e+00;-5.693458e-01;-6.615646e-01;-2.210077e-01;-2.476989e-01;-9.826355e-02
'unknown';0.340000;-6.604888e+00;1.076805e+01;-9.451837e+00;3.552155e+00;4.186932e+00;3.143751e-01;6.470455e+00;1.085402e+01;-5.521376e+00;6.138225e-01;-2.111837e+00;-5.537706e+00;1.154283e+02;4.294173e-01;9.420735e-01;2.939522e-01;8.199674e-01;1.065776e+00;-1.826399e+00;-3.837461e+00;-2.935055e+00;-1.010338e+00;-5.336071e-01;-2.362398e-01;1.218556e+00;-3.735245e-01;1.880480e-01;2.981606e-01;3.844444e-01;-8.326275e-01;-7.296726e-01;-7.442586e-01;-3.193256e-01;-2.309758e-01;-1.276853e-01;-1.233712e-01;3.526753e-01;-9.057158e-02;-7.314148e-02
'unknown';0.350000;-4.486310e+00;1.414429e+01;-1.263462e+01;-3.618520e+00;-6.485304e+00;2.443563e-01;-6.839442e+00;-1.613927e+00;-9.454702e-01;7.562285e+00;-1.581065e+00;6.055886e+00;1.154450e+02;6.142461e-01;2.072868e+00;1.575375e+00;-1.366345e+00;-6.795754e-01;-2.326293e+00;-1.024050e+00;-2.343278e+00;-8.159062e-01;-1.555597e+00;7.040126e-01;-5.797387e-01;-2.384491e-01;-1.139580e-01;-1.006910e-01;3.515899e-01;-5.893688e-01;-5.912007e-01;-1.871205e-01;1.291132e+00;1.032914e+00;-4.959386e-01;-2.224043e-01;1.508497e-01;-2.890798e-01;-6.259140e-02
'unknown';0.360000;-6.192782e+00;1.201447e+01;-7.339598e+00;3.354371e+00;2.567518e+00;-8.402782e+00;-1.259184e+01;-4.015299e+00;-8.665737e+00;-3.809950e-01;4.041416e-01;8.974290e-01;1.145732e+02;8.316527e-02;1.093446e+00;1.222309e+00;-2.549734e+00;-3.214001e+00;-7.285733e-01;7.331617e-01;-2.220401e-01;-1.075233e+00;-1.734283e+00;3.486692e+00;1.618744e+00;-4.712204e-01;-3.531349e-01;-4.416703e-01;-2.069850e-01;-7.985418e-02;-5.290591e-01;8.619019e-01;1.690731e+00;8.859809e-01;-1.537756e-01;-8.290553e-02;-5.566288e-01;-8.120573e-02;-5.667289e-02
'unknown';0.370000;-5.842315e+00;1.500064e+01;-5.856844e+00;-6.205592e+00;-6.911103e+00;-6.545116e+00;4.356124e+00;1.209949e+00;-5.920786e+00;-4.677580e+00;8.362435e+00;1.375504e+00;1.149438e+02;-7.805228e-01;1.398723e-01;1.055472e+00;-5.414215e-01;-1.295457e+00;-4.466998e-01;3.619014e+00;1.041067e+00;-3.166847e+00;-2.352626e+00;-2.979080e-01;-3.913999e-01;-6.032906e-01;-3.441965e-01;-7.076765e-01;-5.472859e-01;1.328412e+00;7.865508e-01;6.354510e-01;4.851894e-01;5.661143e-01;6.002709e-01;6.654370e-01;-1.170638e+00;1.057421e-01;5.568307e-02
'unknown';0.380000;-5.511059e+00;1.580711e+01;-6.729179e+00;-7.902981e+00;-1.167017e+01;6.624491e-02;4.538481e+00;8.331885e+00;-8.409882e+00;-1.937658e+00;1.034987e+01;4.896207e+00;1.133228e+02;-6.388727e-01;-2.997803e-01;-4.810207e-01;8.234596e-03;-1.271579e+00;1.543313e+00;2.294664e+00;-1.973231e-01;-6.037453e-01;-5.496200e-01;-2.518424e+00;7.183583e-01;-4.744682e-01;-2.332493e-01;-8.134724e-01;-3.491514e-01;1.478552e+00;1.222977e+00;-3.510382e-01;-2.217342e-01;6.288105e-01;1.372477e+00;1.253489e+00;-8.760325e-01;-2.371958e-01;3.140016e-01
'unknown';0.390000;-8.729785e+00;1.294734e+01;-7.662470e+00;-6.969513e-01;-5.843741e+00;-6.223657e+00;2.690469e+00;-2.582186e+00;-1.690763e+01;-3.422515e+00;-8.043471e+00;2.099498e+00;1.130538e+02;-7.457173e-01;-7.689015e-01;-3.093888e-01;3.996732e+00;2.281968e+00;-2.849821e-01;6.211455e-01;4.749346e-01;1.949704e+00;1.179257e+00;-2.146620e+00;3.991647e-01;4.159012e-02;-1.626260e-01;-9.935629e-01;1.292025e-01;7.481295e-01;7.228052e-01;-5.188922e-01;-8.729478e-01;7.268850e-01;1.995542e+00;1.720540e+00;7.473408e-01;-4.682033e-02;3.914858e-01
'unknown';0.400000;-7.943411e+00;1.154223e+01;-8.841888e+00;6.412234e-01;-4.324057e+00;-8.469456e-01;-2.856864e-01;-3.105848e+00;-6.191039e+00;-3.756627e+00;-3.985023e+00;4.127224e+00;1.131459e+02;-1.100484e+00;-2.519529e+00;1.589821e-01;2.573948e+00;1.112173e+00;-2.564623e+00;1.123425e+00;3.205079e+00;3.228876e+00;2.767222e+00;3.088598e-02;3.748324e-02;7.763473e-01;-2.119223e-01;-1.038663e+00;6.472665e-01;3.176374e-01;5.397730e-01;-3.699509e-01;-9.028236e-01;4.752136e-01;5.924265e-01;1.558597e+00;1.526719e+00;-1.183184e-02;2.755747e-01
'unknown';0.410000;-8.354726e+00;1.328858e+01;-6.347434e+00;9.505964e+00;8.256772e-01;-7.513432e+00;9.873936e+00;9.303489e+00;2.718314e+00;2.128190e+00;4.796782e+00;3.755819e+00;1.152402e+02;-1.362847e+00;-3.718068e+00;1.381483e+00;1.916369e+00;1.126693e+00;-9.871925e-01;-1.601055e-01;2.974291e+00;4.894551e+00;4.591653e+00;2.164141e+00;-2.850640e-01;7.287308e-01;-1.718727e-01;-4.952291e-01;4.242632e-01;-3.955631e-01;-1.718426e-03;6.801245e-01;-1.058347e+00;-8.815798e-01;-8.428851e-01;4.761444e-01;1.271259e+00;3.572276e-01;-1.613899e-02
'unknown';0.420000;-1.120101e+01;3.038841e+00;-6.591787e+00;-1.346965e-01;-9.444016e+00;-1.211198e+01;6.563872e+00;1.841444e+01;-2.078476e+00;9.123099e+00;4.084177e+00;4.255462e+00;1.161113e+02;-1.389920e+00;-4.018512e+00;1.909876e+00;2.636603e+00;2.004923e+00;4.466385e-02;-1.828828e+00;9.290668e-01;8.859642e-01;5.537165e+00;2.959790e+00;1.001313e+00;5.598351e-01;-5.354047e-04;7.072120e-01;1.879491e-02;-9.927841e-02;2.740133e-01;1.124228e+00;-9.361671e-01;-1.737781e+00;-1.322423e+00;-1.079016e+00;1.768222e-01;1.745852e-01;-1.807463e-01
'unknown';0.430000;-1.391522e+01;-1.391307e+00;-1.880105e+00;9.272855e+00;2.349706e+00;-5.527100e+00;-1.534838e+00;1.529127e+00;5.508836e+00;1.309589e+01;-1.257366e+00;6.100587e-01;1.152147e+02;-1.460363e+00;-2.495555e+00;9.364803e-01;1.987589e+00;1.827000e+00;1.810997e+00;-3.194466e+00;-2.794959e+00;-1.093265e+00;2.175007e+00;2.745224e+00;1.703388e+00;6.915130e-02;2.500936e-01;1.502203e+00;-2.732628e-01;-4.172128e-01;-5.278732e-01;7.485523e-01;1.837214e-02;-8.736908e-01;-4.872746e-01;-2.090902e+00;-8.506603e-01;1.488462e-01;-1.773125e-01
'unknown';0.440000;-1.211276e+01;-1.210392e+00;-1.526175e+00;1.394079e+01;4.938544e+00;-1.616793e+00;-3.725440e+00;5.426667e+00;-3.156479e+00;1.844535e+01;1.384100e+01;1.070667e+01;1.159578e+02;-1.054403e+00;4.052747e-01;4.754581e-01;2.041946e+00;2.132086e+00;1.657424e+00;-2.040230e+00;-2.599200e+00;-3.893296e-01;-1.419534e+00;6.244555e-01;-8.381663e-02;2.024055e-01;3.143837e-01;1.581117e+00;-1.475374e-01;-7.705951e-01;-8.847378e-01;5.222014e-01;9.666452e-01;3.341914e-01;9.951779e-01;-1.876830e+00;-1.762132e+00;-4.117181e-01;-2.083800e-01
'unknown';0.450000;-1.520067e+01;2.935419e+00;-4.197838e+00;1.240616e+01;2.769399e+00;-3.706045e+00;-9.537364e-01;1.822583e+00;-2.209011e+00;8.342101e+00;1.364449e+01;9.047153e+00;1.156627e+02;-2.801369e-01;1.581055e+00;7.323779e-01;1.276336e-01;-1.576254e+00;1.949189e+00;3.745634e-02;3.699708e-01;3.095825e+00;-2.384506e+00;-9.214929e-01;1.001732e+00;2.088318e-02;4.681748e-01;9.698128e-01;8.474785e-02;-5.023831e-01;-5.354725e-01;2.658871e-01;1.539365e+00;1.212809e+00;8.166513e-01;-7.208658e-01;-1.471034e+00;-1.811593e-01;-1.411504e-01
'unknown';0.460000;-1.583030e+01;2.901852e+00;-3.055630e+00;8.508381e+00;1.006567e+00;-4.735393e+00;-3.927830e+00;5.271715e+00;-1.662003e-01;4.402321e+00;-2.444757e-01;-3.821679e-01;1.168994e+02;-4.081141e-01;1.848768e+00;1.274240e+00;-2.863949e-01;-7.171391e-01;2.586575e+00;1.388437e+00;1.017559e+00;3.767309e+00;-1.567227e+00;-4.017512e+00;-7.064494e-01;-4.579307e-01;3.312811e-01;2.807789e-01;-2.694793e-01;-3.478503e-01;-3.115397e-01;-2.552148e-01;8.141225e-01;5.978369e-01;-4.333749e-01;4.310294e-01;-2.750800e-01;5.419042e-02;-1.069633e-01
'unknown';0.470000;-1.345713e+01;4.457844e+00;2.546512e+00;1.262723e+01;-3.565575e+00;5.778147e+00;-1.246361e+00;3.456457e+00;1.949282e+01;8.194867e+00;1.177907e+00;1.116314e+01;1.148484e+02;5.573660e-01;1.631762e+00;9.608286e-01;6.398441e-01;5.742506e-01;2.675857e+00;2.788026e+00;1.460709e+00;9.116726e-01;-1.355475e+00;-2.288963e+00;1.108907e+00;-3.064323e-01;2.204978e-01;-6.102492e-02;-7.296201e-01;-5.525646e-01;2.409803e-01;-6.512801e-01;-5.046691e-01;-2.605493e-01;-2.031293e+00;4.737943e-02;1.373024e-01;-9.582639e-01;8.618085e-03
'unknown';0.480000;-1.502510e+01;7.272234e+00;1.472850e+00;1.239828e+01;4.520335e+00;6.573985e+00;3.363059e+00;9.697525e+00;4.829148e+00;1.068283e+01;-1.327058e-02;6.116431e+00;1.140753e+02;1.832511e-01;1.783815e+00;-9.861637e-01;4.658966e-02;-5.008646e-01;1.801581e-02;6.550969e-01;-1.553842e-01;-1.464128e+00;2.210972e-01;-6.720988e-02;1.335479e-01;-1.687531e-01;3.365571e-01;-1.167738e-01;-6.105744e-01;-9.074377e-01;-4.702341e-01;-5.481465e-01;-8.118232e-01;-4.235625e-01;-1.707820e+00;-8.548580e-01;5.681477e-01;-1.103017e+00;8.471992e-02
'unknown';0.490000;-1.281644e+01;8.909039e+00;-1.657935e+00;1.366043e+01;3.883768e+00;4.018550e+00;9.340951e+00;6.913222e+00;-1.483217e-01;-1.575529e+00;2.084077e+00;1.134239e+01;1.155426e+02;5.266695e-01;1.308406e+00;-1.785521e+00;-2.801682e+00;-4.794897e-01;-2.293177e-02;-2.119219e+00;-3.463042e-01;-4.444922e+00;-3.041771e+00;-2.210132e+00;-4.209586e+00;-8.061524e-02;1.635678e-01;-4.645585e-01;-2.707183e-01;-9.794729e-01;-6.676576e-01;1.824403e-01;-6.558674e-01;-1.026213e-01;-4.837413e-01;-8.037178e-01;1.608469e-01;-9.962934e-01;8.798215e-03
'unknown';0.500000;-1.523440e+01;9.595331e+00;-5.884225e+00;8.224727e+00;-5.222427e+00;-3.765515e+00;-5.946002e+00;2.766411e+00;2.333730e+00;1.039301e+01;-1.033610e+00;1.959468e-01;1.157085e+02;1.290019e+00;1.426577e+00;-4.054573e-01;-3.102820e+00;-2.541440e+00;1.195236e+00;-2.170557e-01;-1.967471e-01;-2.093492e+00;-4.998369e+00;-1.216189e+00;-3.562290e+00;-1.472397e-01;1.942880e-01;-5.849992e-01;2.506730e-01;-3.798627e-01;-2.971137e-01;5.784728e-01;5.781054e-01;1.718890e-01;3.065268e-01;-5.969905e-01;-1.060616e-01;2.499608e-01;-4.948212e-02
'unknown';0.510000;-1.071914e+01;9.838326e+00;-2.702555e+00;7.055987e-01;-1.091642e+00;1.083324e+01;-7.187926e+00;5.190493e+00;-1.484079e+00;-6.869076e+00;-9.362581e+00;-6.924547e+00;1.136287e+02;8.218210e-01;-5.124109e-01;-6.831160e-01;-2.682815e+00;-1.743750e+00;2.999448e+00;-5.523453e-02;9.682840e-01;-1.192352e+00;-2.764331e+00;-9.102386e-01;-2.024641e+00;-2.731979e-01;-6.539837e-02;-3.696143e-01;1.634126e-01;2.770533e-01;-5.180677e-01;-8.448806e-01;9.126608e-01;2.863739e-01;9.112983e-01;1.126154e+00;4.959385e-01;1.549251e+00;4.679222e-02
'unknown';0.520000;-9.623651e+00;1.394047e+01;-3.212666e-02;3.361600e+00;-5.699157e+00;9.142822e+00;1.054222e+01;9.575154e+00;-4.970432e+00;-1.166224e+01;-3.708874e-01;-2.561552e+00;1.142961e+02;1.007115e+00;-2.307719e-01;-2.840010e-01;-1.912157e+00;-1.354303e+00;1.399190e+00;2.513632e+00;4.676642e-02;-1.557779e+00;-2.902575e+00;-1.247464e+00;2.908796e-01;-3.198723e-01;-5.165675e-01;-1.228879e-01;2.838221e-02;1.804297e-01;-3.340589e-01;-1.573527e+00;-3.827081e-01;2.112848e-02;7.407060e-01;1.824630e+00;3.560398e-01;1.024285e+00;2.755951e-01
'unknown';0.530000;-1.151270e+01;4.174412e+00;-7.999564e+00;2.677919e+00;-4.596616e+00;1.256162e+01;8.206677e-01;8.350271e+00;-2.458002e+00;-4.369563e+00;-2.798476e+00;2.597933e+00;1.148828e+02;3.411296e-01;2.890091e-01;-1.029186e+00;-2.011747e+00;-3.663396e+00;-4.349311e+00;1.078741e+00;9.638084e-01;-1.562870e-01;1.541104e+00;2.851983e-01;1.610084e+00;2.396622e-01;-1.159101e+00;3.242967e-01;6.213785e-01;5.514337e-01;-4.229017e-02;-2.049158e+00;-7.299654e-01;4.415871e-02;7.157003e-01;8.614397e-01;6.888983e-01;2.090816e-01;7.309316e-01
'unknown';0.540000;-9.802034e+00;1.127343e+01;-4.655725e+00;-2.322218e+00;-1.024146e+01;2.366243e+00;2.617859e+00;1.420354e+00;-4.968204e+00;-5.369629e+00;-1.055299e+01;-3.110895e+00;1.134821e+02;-1.052472e+00;4.114271e-01;-9.051120e-02;-2.536206e+00;-3.251910e+00;-2.998020e+00;-2.697584e+00;-8.886690e-02;1.092005e+00;1.972064e+00;-3.370872e-02;-2.582293e-01;9.743057e-01;-1.154540e+00;3.537646e-02;1.100112e+00;1.132270e+00;1.021455e+00;-1.024755e+00;-8.825676e-01;4.691464e-01;5.407377e-01;6.412182e-01;6.585499e-01;-3.464885e-01;7.387202e-01
'unknown';0.550000;-8.924298e+00;1.261689e+01;-5.536686e+00;-6.511225e+00;-1.713748e+01;-7.525030e+00;2.167958e+00;1.408694e+01;-2.266629e+00;-2.309865e+00;-2.845541e+00;1.400543e+00;1.152340e+02;-3.943889e+00;7.879729e-01;2.327032e+00;3.863782e-01;-1.006397e+00;-5.047738e+00;-1.099453e+00;1.256894e+00;1.061257e+00;-8.944523e-01;1.927375e+00;-7.046788e-01;2.734371e+00;-3.323206e-01;3.216097e-01;4.757043e-01;1.662674e+00;1.617738e+00;8.348075e-01;-4.842842e-02;-7.971110e-02;-3.874954e-01;3.990015e-01;5.482517e-01;-2.751513e-01;1.168858e-01
'unknown';0.560000;-1.618022e+01;1.177637e+01;-1.716122e+00;-4.724860e+00;-1.568828e+01;4.196048e+00;-3.619346e+00;6.262488e+00;3.939090e-01;-2.831770e+00;-5.158989e-01;-3.254004e+00;1.189920e+02;-2.623074e+00;-3.033715e-01;3.538451e+00;2.550132e+00;2.424474e+00;-3.375375e+00;-8.101088e-01;2.245956e+00;5.371373e-01;1.521294e+00;1.224197e+00;-2.841819e-01;2.126374e+00;1.089147e+00;5.938897e-01;-8.730113e-01;1.596239e+00;1.264309e+00;1.485561e+00;2.025045e-01;-6.052073e-01;-6.959518e-01;8.486627e-01;5.060107e-02;3.700461e-01;-6.931800e-01
'unknown';0.570000;-2.804306e+01;7.862807e+00;2.165792e+00;5.811131e+00;-6.905188e+00;-1.359197e+01;-1.557997e+00;1.221368e+01;1.672272e-01;-1.011075e+01;1.819856e+00;-8.539073e-01;1.257997e+02;-5.351725e-01;2.254457e+00;-4.651459e-01;3.758454e+00;1.587103e+00;1.340322e-02;-1.071389e-01;-6.021584e-01;-1.816330e+00;3.761496e+00;2.397504e+00;2.473034e-01;2.480568e-01;2.192273e+00;6.796882e-01;-1.559047e+00;1.638304e-01;1.351164e-01;2.673834e+00;-5.772983e-01;-1.366562e+00;-5.233805e-02;1.055624e+00;-5.347236e-01;5.248612e-01;-1.441568e+00
'unknown';0.580000;-1.335802e+01;1.213362e+01;9.185292e+00;4.267266e+00;-3.235231e+00;-1.147716e+01;4.302925e-01;1.358676e+01;-3.499445e+00;6.137285e+00;-6.764700e+00;-3.404580e+00;1.188311e+02;2.688902e+00;2.647634e+00;-3.059479e+00;3.758951e+00;1.772885e+00;1.899214e+00;-2.181219e+00;-2.185377e+00;-9.489599e-01;3.887404e+00;-1.576796e-02;1.116010e+00;-1.248437e+00;1.182832e+00;2.718270e-03;-1.149702e+00;-8.455836e-01;-6.960312e-01;1.902148e+00;-2.514799e-01;-1.379731e+00;1.068191e+00;-2.716755e-01;-8.389153e-01;-1.656098e-02;-9.454796e-01
'unknown';0.590000;-1.301126e+01;2.371056e+01;-1.331312e+01;7.784980e+00;-1.542848e+01;3.785902e-01;-3.925558e-01;7.414006e+00;-9.401601e+00;1.201309e+01;1.226638e+01;2.712348e+00;1.165547e+02;4.361487e+00;2.710911e+00;-2.169239e+00;6.011206e-01;-5.020523e-03;5.684136e+00;-3.300390e+00;-3.360252e+00;1.542616e+00;3.200612e+00;-1.262603e-01;1.219531e+00;-2.786063e+00;2.733014e-02;-1.708334e+00;7.620699e-01;-1.814808e+00;-5.251010e-01;6.048503e-01;4.105496e-01;-2.558418e-01;2.600805e+00;-9.857720e-01;-1.626155e+00;-6.555696e-01;2.718595e-01
'unknown';0.600000;-1.025161e+01;1.709066e+01;-9.274059e+00;1.308297e+01;-2.562206e+00;6.706837e+00;-1.510816e+01;-2.264562e+00;4.335230e-01;5.543329e+00;-5.818001e+00;5.429193e-01;1.173723e+02;8.427545e-01;-5.180073e-01;-1.358013e+00;-9.911890e-02;-2.596201e-01;3.300001e+00;-4.708825e-01;-3.273654e+00;4.198621e+00;4.433584e-01;-1.708498e+00;-8.531008e-01;-1.083964e+00;-7.508310e-01;-2.356637e+00;1.414396e+00;-1.957819e+00;-8.316357e-01;-6.965890e-01;9.530486e-01;6.644025e-01;1.625089e+00;-4.945421e-01;-1.045982e+00;-1.493666e+00;1.195236e+00
'unknown';0.610000;-7.788829e+00;1.893884e+01;5.492704e-01;4.408881e+00;-7.266803e+00;5.736712e+00;-1.029072e+01;3.338080e+00;5.913821e+00;6.189281e+00;7.152051e-01;3.269999e+00;1.125988e+02;5.245520e-01;-4.704391e+00;2.494471e+00;-3.386550e+00;-2.214899e-02;2.337261e+00;1.090441e+00;-1.337229e+00;8.613904e+00;5.546589e-01;-4.886904e+00;-2.045989e+00;1.525118e+00;-6.563687e-01;-1.693253e+00;7.422041e-01;-7.656463e-01;-4.441093e-02;-1.718882e+00;4.138401e-01;8.000770e-01;-1.212348e+00;-4.889223e-01;-4.552966e-01;-1.379705e+00;1.294634e+00
'unknown';0.620000;-1.175546e+01;1.192944e+01;-4.535972e+00;5.459721e+00;-8.614171e+00;2.343782e+00;3.024963e+00;-7.435455e-01;9.835949e+00;1.126598e+01;-9.531601e+00;-7.948909e+00;1.153893e+02;8.532150e-01;-5.427902e+00;1.680648e+00;-4.036310e+00;-2.376729e+00;8.970652e-02;3.886086e-01;1.251240e-01;3.640840e+00;2.737670e+00;-2.865356e+00;-4.719559e+00;2.572154e+00;2.818259e-01;4.339125e-01;2.237793e-01;2.449028e-01;3.788568e-01;-1.384416e+00;-2.819248e-01;8.613747e-01;-3.557679e+00;-2.367232e-02;1.603755e+00;4.289742e-01;7.016052e-02
'unknown';0.630000;-9.636568e+00;2.769214e+00;-3.209811e+00;-5.336143e+00;-1.251324e+01;1.424642e+01;-4.006911e+00;-3.264499e-02;2.896670e+01;1.192506e+01;-1.031134e+01;-3.271685e+00;1.251718e+02;1.074414e+00;-3.300404e+00;2.245064e-02;-1.258515e+00;8.314793e-01;-1.305126e+00;-1.660935e+00;-1.059256e+00;-4.240233e+00;-3.911558e-01;-1.824314e+00;-3.745764e+00;1.859047e+00;2.971151e-01;2.465522e+00;-3.982602e-01;1.601040e+00;5.730640e-01;-1.432977e+00;2.224375e-01;9.459508e-01;-3.978367e+00;-7.172517e-01;2.396564e+00;1.864817e+00;-1.268602e+00
'unknown';0.640000;-5.061662e+00;-1.964036e+00;1.008719e+00;-2.226065e+00;-1.182263e+01;2.900513e+00;-1.630702e+01;4.642028e-02;7.111281e+00;1.636379e+01;-1.463151e+01;-1.978403e+01;1.239465e+02;1.976953e+00;9.495621e-01;9.968933e-01;6.137814e-02;1.207850e+00;-1.800888e+00;-5.048185e-01;8.942324e-01;-7.162705e+00;7.979041e-01;4.778980e+00;2.141658e+00;-9.001259e-01;-2.890116e-02;2.794250e+00;-4.048823e-01;1.488172e+00;7.431172e-01;-3.889638e-01;1.186818e+00;7.242146e-01;-9.713446e-01;-1.036530e+00;1.602805e+00;2.979508e+00;-1.508177e+00
'unknown';0.650000;-5.763662e+00;9.383555e+00;-2.110822e+00;1.959197e+00;-1.505177e+00;-1.067284e+00;-8.929404e+00;-2.353182e+00;-1.392501e+01;1.684596e+00;-5.856413e+00;-9.541258e+00;1.176154e+02;1.448258e+00;4.434485e+00;8.450471e-01;2.569804e+00;1.050882e+00;-3.882327e+00;2.649342e+00;3.007971e+00;-5.876157e+00;-2.061717e+00;3.273748e+00;3.847490e+00;-3.081753e+00;-2.919587e-01;1.387355e+00;-3.392970e-01;3.713525e-01;-3.108120e-01;4.722893e-01;1.188472e+00;6.313452e-01;1.824477e+00;-4.214462e-01;-3.163894e-01;1.431859e+00;-7.398634e-01
'unknown';0.660000;-3.807150e+00;1.337008e+01;-1.009998e-01;2.118942e+00;-8.078956e+00;9.961962e-01;2.962117e+00;4.887885e+00;-4.531720e+00;2.037573e+01;1.213584e+01;5.894166e+00;1.146668e+02;5.217869e-01;4.675906e+00;-7.550619e-01;1.490388e+00;1.229156e+00;-5.665122e-01;4.167561e+00;1.712584e+00;-3.979208e-01;-1.609699e+00;2.599635e+00;6.381355e+00;-2.498332e+00;-7.525992e-01;-5.406010e-01;-7.691447e-01;-3.564562e-01;-1.917538e-01;6.499872e-01;-3.506252e-01;-5.710104e-01;1.563740e+00;-9.446260e-01;-1.771130e+00;-3.202963e-01;2.445513e-01
'unknown';0.670000;-3.022532e+00;1.727459e+01;1.570285e+00;5.340375e+00;-9.130673e+00;-4.213050e+00;-3.947689e-01;1.258648e+01;5.407417e+00;-3.894975e-01;-7.326270e+00;3.126665e+00;1.144029e+02;3.422032e-01;1.773197e+00;-7.980569e-01;-1.162581e-01;-7.332339e-01;4.391324e-01;1.945235e+00;1.688295e+00;1.499758e+00;-1.294586e+00;-2.316589e+00;1.293684e+00;-1.041167e+00;-8.245134e-01;-1.615767e+00;-5.645169e-01;-7.605571e-01;3.963837e-01;9.194337e-01;-9.627846e-01;-1.117471e+00;1.518205e-01;-8.154146e-02;-3.799284e-01;-9.629593e-01;6.252947e-01
'unknown';0.680000;-3.823292e+00;1.746998e+01;-4.607143e+00;3.535286e+00;-1.864102e+00;1.640835e+00;2.634631e-01;1.139509e+00;-4.544537e+00;9.352345e+00;-8.984001e-01;5.788781e+00;1.130611e+02;-1.233015e+00;-4.227989e-01;-2.027278e+00;-3.778715e-01;1.141139e+00;-7.116815e-01;-1.905891e+00;-1.300981e+00;-3.031961e+00;-4.308791e+00;-1.281502e+00;1.817079e+00;-6.976624e-01;-1.239298e+00;-1.698369e+00;7.305340e-01;-1.375837e+00;4.174728e-01;-1.886872e-01;-9.544280e-01;-1.169489e-01;-3.662816e-01;6.247623e-01;5.742218e-01;-1.334216e+00;1.317691e+00
'unknown';0.690000;-4.044575e+00;1.619959e+01;-3.848035e+00;6.697342e-01;-8.278773e+00;8.060586e-01;2.146098e+00;7.962479e+00;-6.419815e+00;7.233610e-01;-1.092224e+01;-3.020145e+00;1.132124e+02;-1.796907e+00;-1.094996e+00;-1.341429e+00;-2.988514e-01;3.076809e+00;7.874267e-01;8.721448e-01;-1.072603e+00;-3.800035e+00;-1.119878e+00;3.314675e+00;1.314831e+00;-8.556145e-01;-1.729853e+00;-5.800220e-01;1.274113e+00;-2.026653e+00;-4.625484e-02;-9.055282e-01;-1.940400e-01;4.977635e-01;3.546802e-01;1.833387e+00;1.071234e+00;-5.346123e-01;2.490432e+00
'unknown';0.700000;-9.461205e+00;1.179358e+01;-7.528231e+00;2.564905e+00;-2.799212e+00;-5.071766e+00;-7.837772e+00;6.949768e-01;-1.377791e+01;-1.724656e+00;7.526313e+00;1.805297e+01;1.117738e+02;-4.605145e+00;-2.381843e+00;3.169294e+00;-5.297502e+00;1.411499e+00;-1.684095e+00;-6.803408e-02;2.508288e+00;4.205673e-01;1.426759e+00;2.655113e+00;-3.002964e-01;3.997344e+00;-1.568763e+00;5.208300e-01;1.367254e+00;-2.139940e+00;-1.943192e+00;-1.421234e+00;5.108622e-01;1.178476e+00;1.674340e+00;2.466083e+00;-4.902728e-01;-9.696609e-01;3.173677e+00
'unknown';0.710000;-9.188112e+00;1.463781e+01;-3.676316e+00;4.331308e+00;6.720926e+00;3.080383e+00;8.016573e+00;7.445728e+00;-8.976069e+00;-4.503857e-01;5.034748e+00;3.568730e+00;1.107685e+02;-6.620997e+00;-1.473908e-01;2.974225e+00;-7.789708e+00;-1.099688e+00;-3.602302e+00;5.610671e-02;2.272478e+00;1.546894e+00;5.004575e+00;1.071275e+00;-3.206898e-01;9.063490e+00;-8.858023e-01;8.233330e-01;7.521809e-01;-6.690571e-01;-3.060861e+00;-2.071218e+00;-3.664734e-01;2.757176e-01;6.232937e-01;7.283207e-01;-2.005296e+00;-1.113565e+00;2.028282e+00
'unknown';0.720000;-2.427725e+01;6.341657e+00;1.115347e+01;-2.478301e+01;-2.306457e+00;-7.916804e+00;-3.011945e+00;1.393932e+01;-1.163573e+00;1.707301e+01;4.398668e+00;9.928617e-01;1.342698e+02;-6.664786e+00;1.707548e+00;2.651164e+00;-7.332144e+00;-6.486574e+00;-5.622989e+00;1.056439e+00;2.918859e+00;2.666276e+00;4.959399e+00;-2.611166e+00;-2.213465e+00;1.021117e+01;8.764445e-01;8.034631e-02;-6.020786e-01;2.719273e+00;-1.533229e+00;-4.812776e-01;4.364988e-01;-1.843262e-01;-1.052186e+00;-1.506238e+00;-1.628541e+00;-6.744891e-01;-1.301424e+00
'unknown';0.730000;-2.974154e+01;1.818860e+01;1.682239e+00;-2.460485e+01;-1.402359e+01;-1.578293e+01;1.371803e-02;1.270269e+01;-4.992513e+00;1.634740e+01;-4.002039e+00;3.906458e+00;1.472819e+02;-5.196098e+00;9.769732e-01;2.678541e+00;-2.626816e+00;-8.278460e+00;-7.599216e+00;-1.522458e+00;1.006995e-01;-1.806420e+00;7.554051e-01;-4.078665e+00;-3.296409e+00;6.178885e+00;2.247892e+00;-1.860427e+00;-5.892588e-01;4.048478e+00;2.084740e-01;1.074988e+00;3.451277e-01;7.899612e-01;-9.004795e-01;-3.002488e+00;-1.354921e-01;-4.685413e-01;-3.620213e+00
'unknown';0.740000;-3.250842e+01;1.855593e+01;3.048308e+00;-1.962774e+01;-2.485982e+01;-2.375505e+01;1.445850e+00;1.266079e+01;-2.438312e+00;1.467345e+01;-1.011122e+00;6.816775e+00;1.445730e+02;-9.353729e-01;-2.542294e+00;3.067431e-01;5.717416e+00;-2.665260e+00;-2.092026e+00;2.903742e+00;2.672546e+00;-3.163703e+00;-3.979846e+00;-2.912624e+00;-2.184883e+00;-1.067474e+00;2.362199e+00;-2.531260e+00;-8.587329e-01;2.915090e+00;1.690299e+00;2.037554e+00;-1.940809e-01;7.735133e-01;-1.963719e-01;-2.170889e+00;1.701803e+00;1.432949e-01;-3.349634e+00
'unknown';0.750000;-3.105302e+01;1.341554e+01;1.376897e+01;-1.138041e+01;-2.339469e+01;-2.699657e+01;-1.824617e+00;8.588492e+00;-1.737080e+01;4.526422e+00;-1.265368e+01;-1.582527e+01;1.365114e+02;1.753754e+00;-7.324605e+00;1.200140e+00;5.927904e+00;-1.967975e+00;7.155800e-03;8.580933e-01;6.345440e+00;-4.051371e-02;-5.538241e+00;5.445438e-01;-2.677687e+00;-3.398254e+00;1.499514e+00;-1.469646e+00;-1.226135e+00;8.631023e-01;1.270622e+00;2.358193e+00;9.775710e-02;7.841353e-01;1.113753e+00;-1.421868e-01;2.201304e+00;6.774160e-01;-1.212924e+00
'unknown';0.760000;-2.829837e+01;-3.983282e+00;6.643819e+00;-2.808150e+00;-1.094721e+01;-1.277011e+01;1.242593e+01;2.935916e+01;-1.079295e+01;3.084272e+00;-5.838629e+00;-6.568663e-02;1.343177e+02;1.671283e+00;-6.797965e+00;-9.033006e-01;2.965945e+00;-1.190319e+00;7.615950e-01;-1.104241e+00;3.664056e+00;8.014625e-01;-2.748222e+00;3.586245e+00;-1.806351e+00;-1.748433e+00;8.446527e-03;6.758835e-01;-1.128773e+00;-6.854199e-01;-6.089895e-01;8.893113e-01;-3.808011e-01;-7.061092e-01;1.364850e+00;2.217596e+00;1.608587e+00;4.127359e-01;7.568361e-01
'unknown';0.770000;-2.307779e+01;-7.164820e+00;5.885186e+00;-3.375120e+00;-3.081977e+01;-2.123962e+01;-1.185858e+00;3.608071e+01;-1.017764e+00;-5.549215e+00;1.134433e+00;-6.040749e+00;1.354182e+02;9.981436e-01;-4.243419e+00;-2.847110e+00;3.064431e+00;-2.662819e+00;2.764936e+00;9.703188e-01;3.525621e+00;1.779763e+00;-5.713409e-01;3.678418e+00;-9.859457e-02;4.547440e-01;-7.980687e-01;2.134206e+00;-7.548664e-01;2.066773e-01;-4.595272e-01;5.802581e-01;2.248488e-01;-1.223733e+00;6.930337e-01;2.914738e+00;6.898224e-03;1.048757e+00;9.598653e-01
'unknown';0.780000;-2.813962e+01;-5.143716e+00;2.473697e+00;-8.800654e+00;-2.709888e+01;-2.282555e+01;-4.394737e+00;1.723496e+01;-6.607518e+00;5.970157e+00;1.002604e+01;-7.107243e+00;1.363773e+02;-5.153351e-01;-7.034691e-01;-3.313498e+00;3.722053e+00;-5.362786e+00;9.756403e-01;9.436237e-01;5.519096e-01;2.750409e+00;4.624684e+00;3.563371e+00;-1.410749e+00;7.902069e-01;-1.971048e-01;2.272425e+00;2.133432e-01;1.184374e+00;-6.736518e-01;3.397766e-01;8.736467e-03;-3.275785e-01;5.103334e-01;1.122643e+00;-1.162370e+00;8.202702e-01;3.519723e-01
'unknown';0.790000;-2.614168e+01;-7.221337e+00;1.618481e+00;6.938000e+00;-2.863295e+01;-8.144173e+00;1.143731e+01;3.227870e+01;-1.056470e+01;2.267745e-01;-2.193927e+00;-1.279747e+01;1.377552e+02;-1.143281e+00;2.991789e-01;-1.369093e+00;6.583237e+00;-2.179377e+00;2.801424e+00;9.584045e-01;1.782849e+00;2.450181e+00;5.348997e+00;5.904719e-01;2.368295e+00;1.317520e-01;1.023679e+00;2.199640e+00;1.217951e+00;7.174742e-02;-1.866669e-01;-5.844308e-01;-1.558870e+00;-1.684007e-01;-2.996010e-01;-8.571671e-01;-1.146542e+00;1.087555e-01;3.360993e-02
'unknown';0.800000;-2.934311e+01;-7.472368e+00;-7.790317e+00;1.064555e+01;-3.885455e+01;-1.443964e+01;1.083247e+01;3.401971e+01;7.732565e+00;2.331970e+01;1.364241e+01;-3.741075e+00;1.371002e+02;1.756471e+00;2.292862e+00;-5.755931e-01;7.128412e+00;-4.800299e+00;2.442235e+00;-1.054602e+00;2.897549e+00;3.017920e+00;-9.517737e-02;-6.816310e-01;1.061554e+00;1.729248e-01;2.023843e+00;1.735206e+00;1.938097e+00;-1.582752e+00;7.129322e-01;-9.709590e-01;-1.861446e+00;2.445454e-01;-1.350320e+00;-2.108563e+00;-1.105645e+00;-8.249155e-01;3.780588e-01
'unknown';0.810000;-2.819245e+01;-4.504599e+00;4.171728e+00;1.981796e+01;-3.583882e+01;-1.142546e+01;-4.007437e+00;3.660258e+01;4.063103e+00;1.252100e+01;2.278610e+00;4.117643e+00;1.357156e+02;4.980638e+00;5.256613e+00;1.873693e+00;1.719989e+00;-3.877397e+00;-8.905147e-01;-5.824918e+00;1.510798e+00;1.480026e-01;-2.497246e+00;6.821098e-02;-7.909690e-01;9.314346e-01;1.813178e+00;9.019479e-01;1.487458e+00;-2.920818e+00;1.096262e+00;-1.541262e+00;-5.469230e-01;-6.522263e-01;-1.239878e+00;-9.153242e-01;-3.796393e-01;-1.384403e+00;6.743941e-01
'unknown';0.820000;-1.833188e+01;4.962224e+00;-1.680892e+00;2.040142e+01;-4.749744e+01;-8.973737e+00;-1.945372e+00;2.956077e+01;1.168182e+00;-6.528414e-01;4.381620e+00;-1.025702e+01;1.382618e+02;6.541922e+00;5.493845e+00;4.755595e+00;-1.760086e+00;-9.491146e-01;-2.033185e+00;-4.971943e+00;1.910662e+00;-2.850104e+00;-1.995011e+00;-1.703726e+00;-3.955695e+00;2.280659e+00;2.382637e-01;-3.881914e-01;8.873342e-01;-2.746928e+00;1.955132e+00;-7.879099e-01;9.593425e-01;-1.024254e+00;-4.821407e-01;5.925615e-01;-4.916728e-02;5.263134e-01;3.439694e-01
'unknown';0.830000;-6.744104e+00;1.284443e+01;7.932232e+00;1.066001e+01;-4.369849e+01;-1.532970e+01;-1.129836e+01;4.206216e+01;-6.542495e+00;-2.731859e-01;2.777522e+00;-1.349434e+01;1.418316e+02;5.529885e+00;3.208427e+00;3.402602e+00;-3.576605e+00;1.376339e+00;-2.667176e+00;1.824595e-01;-9.848391e-01;-8.151969e-01;1.722293e+00;-7.966771e-01;-2.045097e+00;2.449855e+00;-1.301051e+00;-1.299156e+00;-4.283708e-01;-9.870191e-01;1.364009e+00;1.885191e-01;1.956572e+00;-1.114323e+00;9.951461e-01;5.900303e-01;-1.911288e-01;1.904147e+00;-3.272638e-01
'unknown';0.840000;-7.357665e+00;1.132234e+01;1.410740e+01;6.424101e+00;-3.967029e+01;-2.265345e+01;-1.038178e+01;4.084323e+01;-1.215155e+00;1.974173e+01;4.874324e+00;-1.471356e+01;1.454455e+02;2.673166e+00;1.375998e+00;3.096623e+00;-3.957930e+00;2.348492e+00;-6.089837e-01;7.384215e-01;-9.759043e-01;1.088816e+00;7.578608e-01;-4.950233e-01;4.320185e+00;1.133562e+00;-1.619298e+00;-1.021381e+00;-1.448707e+00;2.039318e-01;6.798150e-01;3.392935e-01;9.398440e-01;-1.235289e+00;1.549332e+00;-2.031591e-01;-8.149028e-03;1.572378e+00;-9.554487e-01
'unknown';0.850000;-6.030132e+00;8.357474e+00;1.329059e+01;8.923594e+00;-3.287070e+01;-1.792149e+01;1.123066e+00;2.603715e+01;1.178787e+00;1.093517e+01;-1.951127e+00;-3.879574e+00;1.443730e+02;4.097604e-01;8.197587e-01;5.613246e-01;-2.116184e+00;1.293847e+00;-6.600200e-01;1.102761e+00;-2.617532e+00;3.154273e+00;-9.235305e-01;-1.491784e+00;4.591828e+00;-1.313355e-01;-1.125017e+00;-4.391717e-01;-1.156117e+00;8.096883e-01;7.653429e-02;-1.572034e-01;-6.058620e-01;-7.143995e-01;7.850202e-01;-4.094540e-01;2.847429e-01;-8.453550e-01;-8.826526e-01
'unknown';0.860000;-5.323034e+00;1.408569e+01;1.112304e+01;1.479982e+00;-4.116887e+01;-1.072276e+01;-4.463978e+00;3.269375e+01;2.751623e+00;-2.467717e+00;4.270828e+00;6.536520e+00;1.426589e+02;1.005493e+00;1.581274e+00;-1.067299e+00;-1.470637e+00;2.491207e+00;-1.340296e+00;-7.328741e-01;-3.449439e+00;2.911820e+00;-1.687895e+00;-1.396917e+00;5.877309e-01;-1.205989e+00;-3.902777e-01;-5.324370e-01;-3.049838e-01;1.138781e+00;-2.447035e-01;-7.929435e-01;-1.649766e-01;-1.026262e+00;-4.606905e-01;8.663453e-01;2.771735e-01;-2.959828e+00;-3.603264e-01
'unknown';0.870000;-5.712617e+00;1.556155e+01;1.223103e+01;2.551146e+00;-3.647997e+01;-2.459514e+01;-8.743460e+00;3.304924e+01;7.245480e+00;6.213886e+00;-4.379653e+00;-1.160235e+00;1.425682e+02;7.386351e-01;9.099301e-01;-2.960210e-01;-7.718103e-01;1.687653e+00;-3.087537e+00;-2.111202e+00;-3.320069e+00;2.198402e+00;8.979006e-01;1.077984e+00;-4.405645e+00;-7.936325e-01;-1.007091e-01;-6.311215e-01;6.277636e-01;8.503053e-01;-8.294145e-01;2.351408e-01;7.731175e-01;-7.056471e-01;-1.729339e+00;1.345299e+00;8.588325e-01;-2.543440e+00;5.735321e-02
'unknown';0.880000;-2.488958e+00;1.562667e+01;9.300685e+00;2.257141e+00;-2.540962e+01;-2.601810e+01;-9.112892e+00;2.008999e+01;1.031060e+01;1.366290e+01;-8.960005e-01;-1.313457e+01;1.403179e+02;5.573402e-01;-1.331273e+00;2.000377e+00;1.063787e+00;9.280716e-01;-3.359943e+00;1.520520e+00;-5.755945e+00;-7.367006e-01;4.178872e+00;-3.940399e-01;-5.980218e+00;-3.369217e-01;-3.627621e-01;-3.409882e-01;5.475856e-01;7.186095e-01;-9.856350e-01;1.166186e+00;1.357205e+00;4.965959e-01;-1.731481e+00;4.901935e-01;7.482931e-01;-2.842688e-01;1.305667e-01
'unknown';0.890000;-3.753995e+00;1.213663e+01;1.272166e+01;4.675964e+00;-3.231206e+01;-2.571150e+01;-7.108487e+00;1.573869e+01;8.391309e+00;7.359367e+00;6.022208e+00;-1.607225e+01;1.415753e+02;1.302913e-01;-8.795753e-01;2.166304e+00;8.681297e-01;-2.071658e+00;1.525507e+00;3.841651e+00;-4.992514e+00;-3.668164e+00;2.869583e+00;2.300939e+00;-4.841397e+00;-2.791031e-01;-6.902219e-01;6.611634e-01;-4.891928e-01;2.978817e-01;5.173920e-01;1.546357e+00;1.330871e+00;8.772594e-01;-5.998343e-01;-4.268269e-01;-1.368305e-01;2.218981e+00;-2.401755e-01
'unknown';0.900000;-3.515645e+00;9.141786e+00;2.087961e+01;5.736510e+00;-3.861246e+01;-2.696429e+01;2.321135e+00;1.256930e+01;-1.504794e+00;1.785390e+01;-2.900302e+00;-1.590856e+01;1.414707e+02;-5.041460e-01;7.710859e-01;4.394661e-01;1.302440e+00;-5.573128e-01;2.184112e+00;3.076725e+00;-1.302377e-01;-2.812300e+00;-2.227684e-01;1.733071e+00;-6.157368e-01;-8.104202e-01;-1.588253e+00;1.553911e+00;-1.552602e+00;-9.292372e-02;2.391935e+00;1.401661e+00;5.897919e-01;1.212255e+00;1.197241e+00;-1.789904e+00;-4.838105e-01;3.007075e+00;-2.814274e-01
'unknown';0.910000;-4.547818e+00;1.440612e+01;1.727309e+01;5.152110e+00;-4.023684e+01;-1.649451e+01;4.747782e+00;1.184702e+01;-5.187643e+00;1.846630e+01;8.127192e+00;-2.398023e+01;1.405963e+02;-2.181731e+00;3.164568e+00;-1.961529e+00;5.982721e-01;5.017306e+00;1.872218e+00;3.765052e+00;-1.746626e+00;2.370300e-01;9.645866e-01;-6.697236e-01;4.007020e+00;-1.757761e+00;-2.506885e+00;1.036284e+00;-1.553507e+00;-1.649303e-01;2.456841e+00;3.260161e-01;3.147272e-01;5.472828e-01;2.174578e+00;-1.636709e+00;-1.227898e+00;2.930584e+00;1.219313e-01
'unknown';0.920000;-4.612777e+00;1.834736e+01;9.222301e+00;8.531268e+00;-2.423380e+01;-1.970604e+01;3.425981e-01;2.138464e+01;3.038573e+00;6.995591e+00;6.716861e+00;-1.225927e+01;1.367554e+02;-6.227912e+00;4.416209e+00;-3.698714e+00;7.340977e-01;9.343265e+00;3.475005e+00;4.507779e+00;-1.317615e+00;3.296906e+00;-3.818149e+00;-1.327761e+00;4.630947e+00;-1.004730e+00;-2.631557e+00;2.151891e-01;-1.126195e+00;-5.323117e-01;1.428229e-01;3.620982e-01;3.717529e-01;-5.864508e-01;1.371045e+00;-9.031529e-01;-5.904998e-01;6.727015e-01;6.712633e-01
'unknown';0.930000;-1.411409e+01;2.335669e+01;8.742673e+00;6.269946e+00;-1.441486e+01;-1.997954e+01;1.270604e+01;2.597894e+00;7.304776e+00;1.761146e+01;-2.134992e+00;2.138205e+00;1.351442e+02;-9.542249e+00;2.479283e+00;-3.532140e+00;3.276491e-01;5.262257e+00;2.510141e+00;4.699760e+00;-1.662411e+00;4.150124e+00;-3.516273e+00;-2.308135e+00;7.188181e+00;4.277084e-01;-1.310596e+00;-4.454182e-01;-1.047020e+00;-4.920844e-01;-2.129059e+00;3.463240e-01;-5.170873e-01;-1.064196e-01;-3.888433e-01;-4.367864e-01;3.666846e-01;-1.738165e+00;9.008444e-01
'unknown';0.940000;-2.987207e+01;2.674755e+01;6.651255e+00;8.848081e+00;-4.807130e+00;-7.846756e+00;2.088090e+01;1.060579e+01;8.733526e+00;-8.094202e-01;-4.408016e+00;-5.813043e+00;1.391731e+02;-9.981673e+00;2.189674e+00;-4.406203e+00;-1.223807e+00;3.432608e-02;3.675641e+00;4.468135e+00;-3.104599e+00;2.086375e+00;-2.498103e+00;-4.002224e-01;1.157190e+00;1.453162e+00;8.359126e-01;-2.854629e-01;-1.052083e+00;-7.472957e-01;-2.221469e+00;-1.946960e-01;-1.373932e+00;-1.661108e-01;-1.599314e+00;1.557400e+00;1.513323e-01;-2.035849e+00;3.513357e-01
'unknown';0.950000;-3.962941e+01;2.260244e+01;8.979171e-01;6.631949e+00;-2.363888e+01;-9.873447e+00;1.797743e+01;8.924385e+00;1.271550e+01;4.787439e+00;2.148957e+00;8.737567e+00;1.415260e+02;-6.857829e+00;2.050745e+00;-6.842883e+00;-8.831978e-01;-9.735216e-01;3.503520e+00;1.199437e+00;-1.385232e+00;-1.101921e+00;-1.879368e+00;6.999298e-01;-2.946927e+00;1.517516e+00;2.301407e+00;3.785234e-01;-9.619662e-01;-6.217192e-01;1.833171e-01;8.665945e-02;-1.952463e+00;2.180601e-01;-1.754123e+00;1.147205e+00;-5.148512e-01;-1.866789e+00;-2.992863e-01
'unknown';0.960000;-4.176348e+01;2.967286e+01;-8.886333e+00;2.231232e+00;-1.945016e+01;-6.380884e+00;2.004757e+01;2.698397e+00;1.076509e+01;9.170847e-01;2.573775e+00;-9.773001e+00;1.408303e+02;-3.390559e+00;3.203164e+00;-7.303758e+00;-2.396957e+00;1.353809e+00;2.004835e+00;-6.117216e-01;-2.286759e+00;-2.073642e+00;3.150396e+00;-2.075132e+00;-4.807430e-01;2.070450e-01;2.290136e+00;2.683795e-01;1.075435e-01;-5.150415e-02;1.363824e+00;-3.312656e-01;-1.992693e+00;9.674646e-01;-8.786247e-01;4.425697e-01;-9.949149e-01;2.186982e-01;-6.081818e-01
'unknown';0.970000;-4.245753e+01;3.214775e+01;-1.770295e+01;5.162381e+00;-1.196096e+01;-3.194871e+00;1.911989e+01;-3.745703e-01;7.793890e-01;7.351362e+00;-2.126238e+00;-1.061645e+01;1.419032e+02;-1.330771e+00;3.865155e+00;-6.893192e+00;-2.194372e+00;5.519101e+00;3.778841e+00;-2.522626e+00;-9.810306e-01;-2.540481e+00;-6.044974e-01;-4.044936e+00;-1.326796e+00;-4.456650e-01;1.499239e+00;-2.037594e-01;1.290011e+00;3.571533e-01;5.980918e-01;-5.250881e-01;-1.032382e+00;1.279575e+00;4.238471e-01;-1.825646e-01;-3.127797e-02;6.066250e-01;-4.704980e-01
'unknown';0.980000;-4.541081e+01;3.799071e+01;-2.056710e+01;-2.401922e+00;-3.877045e+00;-1.161867e+00;1.725107e+01;3.821467e+00;4.333372e+00;1.366060e+01;-1.264608e+01;1.460249e+00;1.400197e+02;-1.294523e+00;2.624367e+00;-3.843330e+00;-8.257406e-01;3.607132e+00;1.881652e+00;-3.634296e+00;1.530623e+00;-1.587468e+00;-9.226898e-01;-3.002364e+00;1.440616e+00;-6.061569e-01;8.138387e-01;-9.045426e-01;1.921609e+00;1.270606e+00;-8.455805e-01;-8.586637e-01;1.522400e-02;1.343688e+00;9.695772e-01;-5.821630e-01;1.492790e+00;-4.615908e-01;-1.272790e-01
'unknown';0.990000;-4.445961e+01;3.776929e+01;-2.772766e+01;-2.023333e+00;-3.829934e+00;6.411252e+00;6.762558e+00;3.457697e+00;3.228953e+00;-4.606805e+00;-1.046580e+01;-3.513036e+00;1.397029e+02;-4.096519e-01;1.321346e+00;-2.123040e+00;1.169602e-01;8.902761e-01;9.396712e-01;-2.451183e+00;3.103951e+00;7.742271e-01;-7.556483e-01;1.007156e+00;-8.744806e-01;-4.283737e-01;4.720961e-01;-1.081815e+00;1.693528e+00;8.195246e-01;-1.503184e+00;-1.238183e+00;1.193880e+00;4.197935e-01;8.878546e-01;1.855963e-01;1.512124e+00;-4.373397e-01;-1.085214e-01
'unknown';1.000000;-4.723506e+01;3.998392e+01;-2.309063e+01;1.695386e+00;-5.480008e+00;-1.775685e+00;8.054760e+00;8.435380e+00;1.602964e+00;2.282719e+00;-8.268265e+00;-6.121629e+00;1.388997e+02;2.180748e-01;-4.764519e-02;-8.079147e-02;2.800405e+00;-5.596806e-01;-8.688986e-01;-5.713230e-01;2.389191e+00;1.116890e+00;3.151562e-01;2.862774e+00;-3.014854e+00;-4.379959e-01;6.710160e-01;-8.358912e-01;6.758896e-01;-2.582758e-01;-7.809695e-01;-7.818270e-01;1.532728e+00;-3.059524e-01;1.444214e-01;-3.343804e-01;5.614582e-01;-3.238910e-01;-3.173355e-01
'unknown';1.010000;-4.359366e+01;3.775788e+01;-2.705639e+01;3.698529e+00;-6.708098e+00;1.810394e+00;1.146213e+01;1.283823e+01;6.015728e+00;9.262060e+00;7.206359e-01;-1.119791e+01;1.403214e+02;2.734100e-01;-2.079140e-01;-3.068213e-01;9.017887e-02;8.658967e-02;-1.036797e+00;1.915286e+00;6.886533e-01;5.466127e-01;-2.954389e-01;5.831127e-01;-1.285759e+00;-1.072353e+00;1.138358e+00;-5.140513e-01;2.372547e-01;-7.413693e-01;7.448631e-02;-1.733852e-01;1.425574e+00;-4.334108e-01;-4.778992e-01;-5.364046e-01;-6.000743e-01;8.060246e-01;-7.681104e-01
'unknown';1.020000;-4.475341e+01;3.775819e+01;-2.130670e+01;8.739171e+00;-5.236367e+00;-3.205931e+00;1.204467e+01;1.107716e+01;8.524436e+00;8.301947e+00;-3.925425e+00;-9.771585e+00;1.375205e+02;1.719026e+00;-7.904595e-01;-1.371992e+00;-2.103729e+00;1.041280e-01;-1.039249e+00;1.846111e+00;1.208510e+00;-7.515541e-01;-2.824697e+00;1.694851e-02;2.679977e-02;-1.870845e+00;1.677340e+00;-3.678354e-01;5.247660e-02;-7.182966e-01;5.123940e-01;7.326943e-01;9.860064e-01;1.804105e-01;-6.536109e-01;-3.173773e-01;-3.229959e-01;1.737824e+00;-9.889525e-01
'unknown';1.030000;-4.433338e+01;3.784259e+01;-3.015373e+01;-5.094331e+00;-3.518806e+00;1.942391e+00;1.434404e+01;5.580076e+00;2.501281e+00;-9.093614e+00;-9.721655e+00;-8.116855e+00;1.350307e+02;4.531661e+00;-8.775032e-01;-2.911663e-01;-1.137819e+00;9.308033e-01;1.579206e-01;3.467968e+00;1.527237e+00;-6.810465e-01;-1.867745e+00;-5.703028e-01;1.634815e+00;-3.552501e+00;1.623882e+00;-4.557200e-01;6.473511e-01;6.670836e-01;2.654663e-01;9.320551e-01;-3.267109e-02;5.112368e-02;-4.173078e-01;5.059079e-01;2.717163e-01;1.420544e+00;-8.179749e-01
'unknown';1.040000;-3.827007e+01;3.598927e+01;-2.840192e+01;-4.426827e+00;-6.554014e+00;-7.037928e+00;1.584436e+01;1.810701e+01;-3.975825e-01;-2.662928e+00;-2.962376e+00;-7.528159e+00;1.321908e+02;6.475648e+00;-1.552027e+00;1.737640e-01;-1.770794e-01;1.580183e+00;2.197214e+00;3.582368e+00;2.871952e+00;-1.537335e+00;-4.855772e-01;1.824502e+00;4.213980e+00;-4.142684e+00;5.077859e-01;-4.024580e-01;1.164889e+00;1.052213e+00;9.310535e-02;9.844543e-01;-1.025187e+00;-1.264463e+00;3.737258e-02;1.115980e+00;4.329664e-01;6.724890e-01;-2.367372e-01
'unknown';1.050000;-2.417703e+01;3.425482e+01;-2.496461e+01;4.592431e+00;-1.395258e+00;4.515995e+00;2.690212e+01;1.695948e+01;7.071505e+00;5.405774e+00;-2.612403e+00;-4.145553e+00;1.252237e+02;6.014507e+00;-2.105730e+00;2.157056e+00;2.462272e+00;6.758938e-01;2.005247e+00;8.838021e-01;1.125510e-01;-1.147036e+00;1.064541e+00;1.037917e+00;3.723373e+00;-4.026308e+00;-1.067105e+00;-8.921561e-01;1.122526e+00;1.282233e-01;-8.427503e-01;-7.780378e-02;-2.481658e+00;-1.739530e+00;4.192409e-01;1.023204e+00;1.673272e-01;-6.573880e-01;1.076218e+00
'unknown';1.060000;-2.245334e+01;3.179193e+01;-2.303244e+01;3.010393e+00;1.602772e+00;6.493336e+00;2.367747e+01;1.974721e+01;-1.447350e+00;-1.375633e+00;1.642460e+00;9.312663e+00;1.217106e+02;3.516532e+00;-2.188636e+00;3.228341e+00;1.357290e+00;6.971095e-01;2.959360e+00;-1.987743e+00;-4.406463e+00;-3.316965e-01;1.289059e+00;1.377670e+00;2.344966e+00;-2.817628e+00;-2.006437e+00;-1.316614e+00;6.454029e-01;-9.596217e-01;-1.786198e+00;-1.775616e+00;-3.329096e+00;-1.861017e+00;1.410100e+00;1.553030e+00;-2.354546e-01;-1.492185e+00;2.599870e+00
'unknown';1.070000;-2.216921e+01;2.941261e+01;-2.205319e+01;3.498420e+00;-4.217731e+00;5.202994e+00;1.484649e+01;5.322729e+00;-2.709014e+00;-4.414557e+00;-6.834487e+00;2.079597e+00;1.201393e+02;6.756937e-01;-5.019980e+00;3.794175e+00;-1.263887e+00;-2.841412e+00;-6.121712e-01;-6.155263e+00;-3.531205e+00;8.123387e-01;2.360956e+00;4.897488e-01;-7.176183e-01;1.166060e+00;-2.289689e+00;-7.132728e-01;-5.854878e-01;-2.005535e+00;-2.008063e+00;-2.513712e+00;-2.313092e+00;-9.588307e-01;1.743989e+00;1.103202e+00;-2.341953e-01;-1.024856e+00;3.137287e+00
'unknown';1.080000;-2.169132e+01;2.746720e+01;-1.371592e+01;2.906626e+00;-1.657230e+00;7.415370e+00;1.193346e+01;1.893072e+00;2.834195e+00;8.692533e+00;6.037018e+00;1.084097e+00;1.206449e+02;-8.871304e-01;-6.677972e+00;2.582219e+00;-3.112108e+00;-5.592155e+00;-5.372158e+00;-9.543579e+00;-4.611255e+00;4.533475e+00;6.631363e+00;9.213136e-01;-1.026450e+00;6.260484e+00;-2.088642e+00;5.237298e-01;-1.209406e+00;-1.932809e+00;-1.979988e+00;-2.239243e+00;8.578899e-02;6.621416e-01;1.308793e+00;5.405094e-02;-3.426560e-01;-7.731909e-02;2.240918e+00
'unknown';1.090000;-2.117957e+01;1.131728e+01;-1.065199e+01;-1.675122e+00;-1.397231e+01;9.941220e-01;1.997814e+00;8.230527e+00;8.992426e+00;1.217647e+01;-2.360938e+00;-3.619361e+00;1.315869e+02;-3.232104e+00;-3.427426e+00;-4.473225e-01;-5.330705e+00;-6.219788e+00;-6.397556e+00;-6.903743e+00;-4.579206e+00;5.140325e+00;3.909398e+00;9.511904e-02;2.847989e-01;7.121069e+00;-1.506747e+00;2.224501e+00;-7.338516e-01;-8.387968e-01;1.591196e-01;1.171486e-01;3.121655e+00;1.766275e+00;4.545039e-01;-1.640131e+00;-2.682644e-01;4.347905e-01;-7.425873e-02
'unknown';1.100000;-2.738381e+01;7.449734e+00;-1.582194e+01;-9.963377e+00;-2.148071e+01;-1.826302e+01;-1.761609e+01;-4.762961e+00;1.536931e+01;2.348567e+01;4.012253e+00;7.029891e+00;1.472892e+02;-4.972778e+00;-3.662636e-01;-6.979381e-01;-6.273349e+00;-7.513641e+00;-5.344161e+00;-1.184558e+00;-5.717539e-01;4.048274e+00;7.850926e-01;-1.382945e-01;1.457162e+00;5.409456e+00;-4.888078e-01;1.987395e+00;7.660790e-01;9.512311e-01;1.984610e+00;2.774354e+00;4.651778e+00;2.948740e+00;-3.956657e-01;-2.768584e+00;-5.360761e-01;-1.922141e-01;-2.261643e+00
'unknown';1.110000;-3.548348e+01;2.228421e+01;-2.323679e+01;-1.672010e+01;-2.540493e+01;-1.394559e+01;-4.897444e+00;-1.424529e+01;1.672505e+01;7.735866e+00;-5.346510e+00;5.306939e-01;1.424225e+02;-4.815215e+00;2.946672e+00;1.764996e+00;-3.877251e+00;-1.085070e+00;-4.042640e-02;5.273500e+00;3.280417e+00;3.327459e+00;-2.916561e+00;-3.217688e-01;2.145277e-01;1.220280e+00;8.992151e-01;-3.025168e-01;1.686663e+00;2.245713e+00;2.502544e+00;3.248298e+00;2.743680e+00;2.686050e+00;-4.282923e-01;-9.437780e-01;6.692103e-02;-5.167268e-01;-2.525757e+00
'unknown';1.120000;-3.940326e+01;2.015242e+01;-1.091321e+01;-2.093763e+01;-3.350913e+01;-1.183558e+01;9.458294e+00;1.027221e+01;1.920925e+01;1.483830e+01;6.838331e+00;6.294879e+00;1.422744e+02;-2.539614e+00;7.195196e-02;5.306455e+00;9.173203e-01;1.763535e+00;5.321046e+00;7.626689e+00;6.202634e+00;3.461580e+00;-3.798579e+00;-1.550623e+00;-1.952385e+00;-2.097337e+00;1.940542e+00;-1.528955e+00;8.751460e-01;2.317286e+00;2.442782e+00;1.995875e+00;-3.746290e-01;2.895054e-01;-7.610523e-01;6.331774e-01;9.440206e-02;-7.714161e-01;-1.713773e+00
'unknown';1.130000;-3.924592e+01;1.969930e+01;-4.281375e+00;-1.557425e+01;-1.338346e+01;-2.421728e+00;1.482812e+01;1.711502e+01;2.370975e+01;1.917351e+00;-5.382821e+00;-2.179218e+00;1.401957e+02;4.738960e-02;-5.159118e+00;4.983799e+00;2.302523e+00;1.654344e+00;4.511332e+00;2.409036e+00;5.463850e+00;3.292210e+00;1.482344e+00;1.135888e+00;-5.940612e-01;-1.754320e+00;2.277539e+00;-1.326955e+00;-5.279422e-01;8.419567e-01;5.396169e-01;-8.438009e-01;-2.921065e+00;-1.466678e+00;-1.433115e+00;1.252429e+00;-1.508516e-02;-3.400933e-01;-3.781902e-01
'unknown';1.140000;-3.820066e+01;9.101950e+00;1.232622e+00;-5.949701e+00;-1.867377e+01;2.580285e+00;1.065457e+01;1.057006e+01;2.918486e+01;7.402031e+00;-3.722707e+00;-1.377080e+00;1.379159e+02;2.298627e+00;-3.958144e+00;2.068391e+00;2.223192e+00;3.330564e+00;2.359337e+00;-1.625471e+00;-2.159438e-01;2.606369e-01;1.751527e+00;-3.951128e-01;-1.995624e+00;-1.672107e+00;2.038168e+00;4.254522e-01;-1.063844e+00;-3.704879e-01;1.551020e-01;-2.262329e+00;-2.886999e+00;-1.919258e+00;-2.391070e+00;2.504535e-02;-3.847345e-01;-2.881384e-01;3.429454e-01
'unknown';1.150000;-3.584783e+01;2.013857e+00;-4.390716e+00;-1.270145e+01;-2.455089e+01;1.403135e+00;6.549601e+00;1.292504e+01;2.819830e+01;1.886572e+01;5.613451e+00;1.396368e+00;1.358301e+02;4.153358e+00;-1.673056e+00;7.443172e-01;-3.204030e-01;8.295003e-01;-2.778576e+00;-4.705746e+00;-8.436829e-01;-2.237644e+00;5.705310e-01;-9.749497e-01;-1.464319e+00;-8.832855e-01;1.227855e+00;1.448704e+00;-6.451638e-01;-3.989031e-01;-6.063507e-02;-1.709997e+00;-8.227105e-01;-1.204935e+00;-2.884933e+00;-2.234885e+00;-1.786013e+00;-1.008461e+00;1.247336e-01
'unknown';1.160000;-2.960917e+01;9.204420e+00;-5.165898e-01;-1.125807e+01;-1.127259e+01;-1.951328e+00;5.470200e+00;1.128748e+01;1.826816e+01;1.512175e+01;-6.353690e-01;-5.471033e+00;1.360966e+02;5.598244e+00;4.561824e-01;2.106977e+00;3.763441e-01;2.951468e+00;-2.345645e+00;-3.250916e+00;-2.398903e-01;-5.728845e+00;-3.217446e+00;-2.418877e+00;-2.957948e+00;-8.181275e-01;2.403485e-01;5.573539e-01;-2.093479e-01;1.410005e-01;-7.983752e-01;-4.396734e-01;8.740829e-01;3.191207e-01;-1.261627e+00;-1.807906e+00;-1.595572e+00;-2.086576e-01;-1.731442e-01
'unknown';1.170000;-2.277488e+01;1.128278e+01;3.148171e-01;-1.452208e+01;-1.293654e+01;-1.404880e+01;-6.108422e+00;1.253790e+01;1.797988e+01;9.101481e-01;-1.180124e+01;-7.453838e+00;1.366889e+02;4.536855e+00;-1.227601e-01;1.738687e+00;1.231432e+00;1.540717e+00;-1.686162e+00;-8.917938e-01;-5.488524e-01;-8.137712e+00;-7.207594e+00;-6.782294e+00;-5.155206e+00;-1.557642e+00;-6.067008e-01;-3.137299e-01;-4.189003e-01;5.722220e-01;-1.924843e-01;8.988706e-01;1.550420e+00;7.644951e-01;7.606716e-01;6.496600e-02;-5.278723e-01;6.102362e-01;-3.582098e-01
'unknown';1.180000;-1.674592e+01;6.748399e+00;9.414740e+00;-3.157666e+00;-9.723603e+00;-1.421970e+00;7.289973e-01;9.564177e+00;5.649845e+00;2.925869e-01;-7.109745e+00;-1.174172e+01;1.333958e+02;3.308621e+00;-1.946523e+00;5.244665e-01;2.152277e+00;-1.016921e+00;-3.852374e-01;8.379673e-01;1.232244e+00;-3.097466e+00;-3.398942e+00;-5.469298e+00;-1.193468e+00;-2.200650e+00;-1.136120e+00;-6.055894e-01;-7.950681e-01;1.348176e-01;-3.102707e-01;4.588228e-01;3.763220e-01;7.292596e-01;2.747834e+00;1.958615e+00;8.719789e-01;1.549087e+00;-7.867569e-02
'unknown';1.190000;-1.959518e+01;2.628067e+00;-6.629482e-01;-1.059449e+01;-1.762180e+01;-7.292355e+00;4.461233e+00;1.104243e+01;-6.181104e+00;-9.757668e+00;-2.506083e+01;-2.124432e+01;1.293923e+02;2.264666e+00;-2.040353e+00;-5.589290e-01;1.652740e+00;1.851273e+00;7.355727e-01;1.001913e+00;2.242725e+00;2.500246e-01;9.861088e-01;-2.089100e+00;7.046219e-01;-1.983073e+00;-9.008616e-01;1.749975e-02;-2.441258e-01;1.603404e-01;1.988411e-01;4.787528e-01;-9.813138e-01;1.920555e-01;3.277690e+00;2.717849e+00;2.765749e+00;1.243897e+00;2.946751e-01
'unknown';1.200000;-1.465591e+01;3.799161e+00;2.594625e+00;-2.460479e+00;-1.401457e+01;-7.255739e+00;4.375209e+00;1.819644e+01;1.486132e+01;3.460946e+00;-2.135206e+01;-4.543134e+00;1.287417e+02;1.053737e+00;-1.612968e+00;-7.195560e-01;8.397774e-01;1.244836e+00;-1.262398e+00;-2.316160e+00;2.010619e+00;3.816457e+00;2.478776e+00;-4.055791e-01;1.857571e+00;-9.987900e-01;-8.351659e-01;4.013001e-01;-2.951155e-01;-1.375453e-01;4.750936e-01;6.230518e-01;-9.092423e-01;-3.152278e-01;9.300561e-01;9.780712e-01;2.380129e+00;-3.543656e-01;3.622708e-01
'unknown';1.210000;-1.249655e+01;2.555634e+00;9.302294e-01;-6.606970e+00;-1.534696e+00;-7.454055e+00;-2.921961e+00;1.943539e+01;1.462426e+01;4.256512e+00;-1.512558e+01;-7.530021e+00;1.291006e+02;1.159989e+00;-2.020389e-01;1.140069e+00;2.689383e+00;1.404044e+00;1.146182e+00;-4.221299e+00;2.223797e-02;4.793778e+00;3.442792e+00;4.514594e+00;-4.612401e-01;-6.851959e-01;-6.562506e-01;4.056625e-01;-6.120159e-01;-4.764786e-01;-2.503047e-01;5.077723e-01;-1.467848e-01;-8.393828e-01;-1.104876e+00;-5.325627e-01;1.023312e+00;-7.948523e-01;1.384564e-01
'unknown';1.220000;-1.502655e+01;-1.280224e+00;5.020370e+00;-9.525411e-01;-1.154298e+01;-7.653110e+00;-7.160205e+00;1.542079e+01;1.432945e+01;5.679378e+00;-1.410527e+01;-9.311015e+00;1.285477e+02;-3.148698e-01;-8.591798e-01;-1.800610e+00;9.462292e-01;1.582162e+00;2.524717e+00;-1.096638e+00;7.663487e-01;-7.190622e-01;2.630729e-01;3.129500e+00;-2.382365e+00;-1.038235e+00;-3.081006e-01;4.614517e-01;-7.186135e-01;-4.269174e-01;3.143810e-01;2.707081e-01;1.023469e+00;-6.486972e-01;-2.046247e+00;-1.123434e+00;-4.622317e-01;-6.511271e-01;-1.446347e-01
'unknown';1.230000;-1.360991e+01;4.157566e+00;3.824525e+00;2.098454e+00;-1.183738e+01;-1.362760e+00;-1.087756e+01;1.254144e+01;1.805373e+01;6.347076e+00;-6.111259e+00;-2.116658e+01;1.260633e+02;-3.322838e-01;-3.889350e-01;-3.078481e+00;-7.828786e-01;4.310865e-01;1.380876e+00;-3.417717e-01;-1.332054e+00;-3.006593e+00;-5.688531e-01;1.259919e+00;-1.149671e+00;-1.271069e+00;-1.419048e-01;1.875748e-01;-2.617069e-01;-1.789361e-01;3.588550e-01;-1.111293e+00;8.326139e-01;-3.915119e-01;-1.394118e+00;-9.393841e-01;-1.673293e+00;5.364243e-01;-1.942005e-01
'unknown';1.240000;-1.567358e+01;-1.297703e+00;-7.855572e+00;-2.082045e+00;-9.524213e-01;2.322198e+00;2.869817e+00;2.547515e+01;9.551276e+00;3.731029e+00;-1.021172e+01;-9.636682e+00;1.250692e+02;2.593699e-01;7.877387e-01;-2.203348e+00;4.413212e-01;3.303220e+00;-2.620482e-02;8.614210e-01;-5.557210e-01;-2.514594e+00;-1.132571e+00;-1.089400e+00;-1.053849e+00;-1.429027e+00;2.066968e-01;3.131384e-01;1.083559e+00;4.174406e-01;-4.999875e-01;-1.377350e+00;-5.395314e-01;-6.984442e-01;4.237500e-01;-5.140663e-02;-8.156835e-01;8.487166e-01;-9.024421e-02
'unknown';1.250000;-1.383446e+01;6.196985e-01;-8.024207e+00;-9.956611e+00;-4.674541e+00;-5.537328e+00;-9.645831e+00;7.747943e+00;1.980382e+00;2.386421e+00;-1.077276e+01;-1.311554e+01;1.244846e+02;1.633451e-01;-8.762431e-02;3.290386e-02;2.047157e+00;2.337790e+00;-3.134821e+00;-1.037259e+00;-1.274287e+00;-1.279044e+00;-5.563070e-01;-1.742418e+00;1.556624e+00;-1.460802e+00;2.656103e-01;1.530427e-01;1.337116e+00;4.589750e-01;-1.039903e+00;-6.159135e-01;-1.974472e-01;3.395037e-01;1.314230e+00;2.411157e-01;-4.188992e-02;4.772073e-01;5.010941e-02
'unknown';1.260000;-1.361743e+01;4.427403e+00;-7.200508e-02;7.281597e+00;1.391704e+00;-5.696850e+00;-3.468963e+00;1.503894e+01;9.793153e+00;1.996851e+00;-1.722152e+01;-1.860578e+01;1.221920e+02;4.707998e-01;5.558566e-01;2.061491e+00;1.618415e+00;-1.871128e+00;-2.104186e+00;-3.446552e+00;-2.754756e+00;5.359131e-01;-2.333164e-04;5.522504e-01;5.080703e-01;-1.394589e+00;3.180615e-01;-2.448840e-02;6.299135e-01;-5.241923e-01;-1.542303e+00;1.749436e-01;2.350857e-01;7.380064e-01;1.094693e+00;3.283831e-01;6.057168e-01;5.479600e-01;1.915012e-01
'unknown';1.270000;-1.382126e+01;8.568906e-01;9.726092e-02;7.652417e+00;-1.320490e+00;-1.302734e+01;-1.289446e+01;1.138812e+01;1.153757e+01;4.432631e+00;-1.131845e+01;-8.898912e+00;1.201979e+02;8.900526e-01;4.922196e-01;1.474678e+00;9.234501e-01;-2.181254e+00;-6.597005e-01;8.249787e-01;1.464983e+00;2.039303e+00;7.055669e-02;2.296438e-01;4.554051e-01;-1.037741e+00;4.574922e-01;2.133041e-01;-1.397208e-01;-7.068689e-01;-4.273290e-01;1.204228e+00;1.429124e+00;1.282150e+00;4.427799e-01;8.389205e-02;5.439393e-01;3.212270e-01;3.353222e-01
'unknown';1.280000;-1.332618e+01;1.362984e+00;-1.608852e+00;-2.794487e+00;-1.198509e+01;-4.453722e+00;-1.273862e+01;9.881285e+00;7.452248e+00;2.706758e+00;-7.177624e+00;-9.204646e+00;1.202396e+02;1.486324e+00;3.753748e-01;2.253321e-01;-1.617787e+00;-2.148774e+00;-3.890473e-01;1.105730e+00;1.764676e+00;1.299699e+00;1.959128e-01;9.531531e-01;2.236560e+00;-6.830513e-01;3.478020e-01;1.874662e-01;-4.340624e-01;-4.010336e-01;8.957718e-01;9.844553e-01;1.312564e+00;1.169681e+00;2.254176e-01;1.252852e-01;9.406827e-02;4.518936e-01;3.364228e-01
'unknown';1.290000;-9.529823e+00;4.613007e+00;1.176082e-01;-3.013179e-01;-8.892417e+00;-9.457395e+00;-8.861064e-01;1.765168e+01;1.334735e+01;2.384252e+00;-1.464648e+01;-1.553909e+01;1.202720e+02;1.943044e+00;1.069137e+00;2.523790e-01;1.309131e-01;3.399682e-01;2.028749e+00;3.832221e+00;2.876749e+00;5.529630e-01;-2.349198e-01;7.768268e-01;2.298514e+00;-1.399605e-01;-1.113390e-02;1.869539e-01;-5.472822e-01;1.174847e-01;9.093993e-01;7.334046e-01;-1.779220e-01;-3.441636e-01;-2.667846e-01;3.527193e-01;2.779032e-01;-6.544190e-02;1.881521e-01
'unknown';1.300000;-8.331530e+00;4.426219e+00;1.044482e+00;3.169529e+00;-5.566205e+00;-9.427061e+00;-3.944489e+00;2.073054e+01;1.538675e+01;4.000605e+00;-1.079173e+01;-4.102892e+00;1.187396e+02;1.683314e+00;1.204729e+00;5.023285e-01;9.514952e-03;1.347120e+00;1.473866e+00;1.612650e+00;2.387764e+00;2.406171e+00;7.789308e-01;7.490003e-01;1.845984e+00;-1.613655e-01;-4.021213e-01;-4.779898e-02;-7.067925e-01;1.893397e-01;6.108946e-01;2.891874e-01;-8.569877e-01;-9.847630e-01;-7.467701e-01;3.258995e-01;1.760627e-01;-1.326396e+00;3.444343e-02
'unknown';1.310000;-6.603367e+00;4.670960e+00;3.248905e-02;5.324975e+00;-2.830089e+00;-3.969275e-01;1.869573e+00;2.034724e+01;1.033513e+01;2.611108e+00;-5.627264e+00;4.277964e-02;1.202481e+02;7.358879e-01;1.012312e+00;-1.400231e+00;6.972224e-01;6.177949e-01;2.075866e+00;-3.180911e-01;-5.673792e-01;1.521440e-01;1.542644e+00;1.721236e+00;3.234839e-01;-3.578232e-01;-5.944778e-01;-4.387907e-01;-4.405150e-01;2.229827e-01;3.017380e-01;-3.938811e-01;-1.602504e+00;-1.201629e+00;-1.085705e+00;-2.440712e-01;2.855788e-01;-1.521677e+00;-1.369611e-01
'unknown';1.320000;-6.372833e+00;7.357650e+00;9.453499e-01;-5.560058e+00;-8.280648e+00;-1.614625e+00;-6.053213e+00;2.047233e+01;2.098921e+01;6.487984e+00;-7.942233e+00;-7.765659e+00;1.194447e+02;7.929535e-02;1.647926e-01;-2.482325e+00;-9.542431e-01;7.667851e-01;1.033331e+00;-1.104052e+00;-1.437074e+00;-2.233742e+00;9.366283e-01;1.361262e+00;-3.407904e+00;-4.019028e-01;-3.491673e-01;-5.498335e-01;-7.103024e-02;6.862376e-01;2.779576e-01;-2.222402e-01;-8.132607e-01;-5.411373e-01;-1.431893e+00;-8.473104e-01;4.396365e-01;-9.477451e-01;-6.206840e-02
'unknown';1.330000;-6.829732e+00;8.208851e+00;-6.833982e+00;7.549588e+00;-4.446220e+00;-2.984282e+00;-1.422200e+00;1.494389e+01;1.130684e+01;8.853784e+00;-7.465054e+00;-1.209028e+01;1.181304e+02;-2.273358e-01;-6.048480e-01;-4.578694e-01;1.727706e+00;2.138826e+00;2.796111e-01;-2.821949e+00;-1.218977e+00;-2.555604e+00;-1.534125e+00;1.898590e+00;-2.682926e+00;-7.044975e-01;3.570534e-02;-2.443429e-01;3.561870e-01;2.222228e-02;-6.012921e-02;-1.189986e-01;1.622477e-01;2.345213e-01;-6.546291e-01;-7.319518e-01;3.460730e-01;7.752983e-01;4.989960e-02
'unknown';1.340000;-7.821870e+00;3.481237e+00;-7.933908e+00;-2.713993e+00;-9.242135e-01;-2.966728e+00;-7.818862e+00;1.624684e+01;3.732187e+00;5.562409e+00;-3.066529e+00;-1.507588e+01;1.177890e+02;4.190896e-01;-7.358591e-01;-3.240036e-01;2.925462e+00;1.976393e+00;1.260792e+00;-1.201724e+00;7.876301e-03;-3.399417e+00;-1.919237e+00;2.858506e+00;-1.389537e+00;-2.983704e-01;1.973563e-01;2.372532e-01;1.855268e-01;-1.169340e-01;-7.931353e-01;1.003477e-01;1.092022e+00;1.293084e-01;2.007052e-01;-1.429824e-01;-2.484126e-01;2.318841e+00;-9.575200e-03
'unknown';1.350000;-7.015528e+00;3.584926e+00;2.182771e+00;1.254047e+01;4.185821e+00;1.677180e+00;-1.135735e+01;1.636510e+01;6.185627e+00;-4.596727e+00;1.427833e+00;-9.716738e+00;1.175535e+02;7.445174e-01;2.409234e-01;-6.984566e-01;-1.131518e+00;-2.876549e-01;1.367142e+00;5.419835e-01;-1.172480e-01;-2.538164e+00;-6.891819e-01;2.702979e+00;3.190792e+00;-1.600914e-01;1.104430e-01;4.409121e-01;-5.101725e-01;-1.194362e+00;-6.106448e-01;2.111115e-01;1.339830e+00;-1.541306e-01;6.949760e-01;9.279909e-01;-8.751561e-01;1.961742e+00;-6.618745e-02
'unknown';1.360000;-4.184487e+00;5.990317e+00;-5.183044e+00;6.571809e+00;-2.714706e+00;2.358607e+00;-7.094259e+00;1.980111e+01;6.552733e+00;3.617054e+00;1.903853e+00;-1.590012e+01;1.182413e+02;5.801501e-01;9.281727e-01;-1.434397e+00;-1.093012e-01;-1.985651e+00;9.913038e-01;2.674091e+00;-1.341397e+00;-1.238936e+00;-2.007548e-01;-2.829953e-01;5.249442e+00;-7.219818e-01;-2.459703e-01;1.957413e-01;-4.100783e-01;-1.225947e+00;5.409415e-01;1.016262e-01;5.977553e-02;-4.810790e-01;1.360569e+00;1.022251e+00;-6.163936e-01;1.341075e+00;-1.382971e-01
'unknown';1.370000;-4.925837e+00;8.158928e+00;-1.170170e+01;-2.750905e+00;-4.989249e+00;1.188763e+00;9.254162e-01;1.258052e+01;-2.794251e+00;6.380552e+00;3.564650e+00;4.275797e+00;1.171038e+02;2.443491e-01;7.676965e-01;-2.453535e+00;-2.726723e+00;1.066624e+00;1.469913e+00;1.939293e+00;-1.314994e+00;-1.609642e-01;2.246589e+00;-9.064399e-01;3.806293e+00;-8.236290e-01;-4.173426e-01;-2.868142e-01;-2.170286e-01;-3.312908e-01;1.181910e+00;-5.450037e-01;-1.941249e+00;-7.065304e-01;1.257153e+00;3.908746e-01;-1.369362e-01;-6.981710e-01;-8.289398e-02
'unknown';1.380000;-5.965965e+00;5.835100e+00;-8.163662e+00;4.385188e+00;-6.264934e+00;2.233999e+00;-5.897883e-01;1.143215e+01;2.027444e+00;-9.300051e-01;-5.549914e+00;4.175060e+00;1.144039e+02;-5.606778e-01;-2.053919e-02;-1.496856e+00;-2.406671e+00;4.003961e+00;1.717538e+00;-1.601501e+00;-1.798646e+00;2.214827e+00;1.724133e+00;1.581247e+00;5.008089e+00;-6.580871e-01;-3.936969e-01;-4.714548e-01;9.409426e-02;-2.279005e-01;7.820512e-01;-1.432033e+00;-2.382138e+00;-6.669368e-01;4.708970e-01;5.979538e-04;4.706491e-01;-1.605412e+00;1.202576e-01
'unknown';1.390000;-4.903043e+00;7.501018e+00;-8.594595e+00;1.653755e-04;1.129405e+01;9.089049e+00;-4.913120e+00;1.397461e+01;7.643451e+00;8.909745e+00;6.225174e-01;-7.228579e-01;1.153540e+02;-7.717813e-01;-7.187916e-01;-1.752370e+00;-1.639287e+00;2.627087e+00;-1.720993e+00;-7.026468e+00;-3.421275e+00;2.020719e+00;3.027472e-01;1.086177e+00;-1.793867e-01;-6.065086e-01;-1.326744e-01;-9.056465e-02;6.978499e-01;8.600575e-01;-1.042331e+00;-1.628523e+00;-6.829861e-01;-1.531159e-01;-2.502027e-01;-1.084799e+00;-3.033170e-01;-1.489902e+00;1.196448e-01
'unknown';1.400000;-6.999273e+00;6.216576e+00;-1.422087e+01;-6.837080e+00;9.163448e+00;6.996154e+00;-1.218250e+01;1.011083e+01;1.240802e+01;1.097312e+01;1.128116e+01;1.163966e+01;1.158258e+02;-8.802691e-01;-6.858574e-01;-1.314508e+00;-1.792522e+00;1.144373e+00;-4.573410e+00;-4.753717e+00;-3.622939e+00;2.470694e-02;7.741557e-01;1.073942e+00;-7.847782e-01;-2.292542e-01;2.848784e-01;3.429997e-01;9.545587e-01;1.498536e+00;-1.770919e+00;-7.349162e-01;2.241899e+00;1.026942e+00;-1.103282e+00;-1.522546e+00;-1.611373e+00;-1.827027e+00;1.542252e-01
'unknown';1.410000;-8.268089e+00;4.374232e+00;-1.743494e+01;-5.336206e+00;4.319960e-01;-9.797280e+00;-2.841057e+01;-3.865203e+00;2.119058e+00;1.942724e+00;5.799982e-01;-3.534343e-01;1.133603e+02;-2.592274e-01;6.475323e-01;9.445411e-01;1.266489e+00;-2.715236e+00;-3.527225e+00;1.004703e-01;-1.168426e+00;-3.169174e-01;-2.702418e+00;-2.169372e+00;-7.467806e-01;-4.398216e-01;3.740890e-01;3.834109e-01;6.542956e-01;1.122873e+00;-8.522787e-01;1.093691e+00;3.337912e+00;1.636087e+00;-6.424415e-01;-1.070981e+00;-9.158705e-01;-7.123657e-01;1.899408e-01
'unknown';1.420000;-8.684788e+00;3.969205e+00;-1.031603e+01;-1.909235e+00;4.887961e+00;-1.118989e+01;-1.260965e+01;2.237355e+00;4.913175e+00;6.424284e+00;-1.589454e-01;6.645701e-02;1.142545e+02;6.074375e-01;1.011297e+00;1.927481e+00;3.633121e+00;-2.179473e+00;-1.053927e+00;6.044524e+00;2.209638e+00;-2.132766e+00;-4.386014e+00;-4.847845e+00;-3.843350e+00;2.969513e-02;1.980892e-01;1.901751e-01;-2.511587e-01;3.598813e-01;4.810574e-02;1.547174e+00;1.044778e+00;3.092007e-01;7.724632e-02;-5.573970e-01;-2.266240e-01;-3.381970e-01;1.179357e-01
'unknown';1.430000;-5.356423e+00;1.186236e+01;-5.824312e+00;3.868689e+00;-1.443849e-01;5.459465e-01;-4.197193e+00;1.206922e+01;9.806286e+00;-2.327926e+00;-4.504293e+00;1.329838e+00;1.139405e+02;3.548104e-01;3.496855e-01;-1.018873e-01;1.262257e+00;2.761722e-02;1.987719e+00;4.263973e+00;1.842873e+00;-1.127517e-01;-2.472072e+00;-5.322829e-01;-2.211929e+00;2.137207e-01;3.462087e-02;-9.236898e-02;-6.864486e-01;-3.018425e-01;1.225252e+00;7.100013e-01;-9.647857e-01;-1.017441e+00;1.944631e-01;8.873026e-01;2.972939e-01;-1.063510e-01;9.449142e-02
'unknown';1.440000;-5.417919e+00;7.528996e+00;-1.038878e+01;6.726075e+00;-1.445728e+00;-3.445095e+00;5.933434e+00;1.319181e+01;-2.099426e+00;-8.821623e+00;-1.041592e+01;-8.418731e+00;1.156841e+02;-1.968421e-01;4.139412e-01;-2.047087e+00;9.000873e-03;1.347513e-02;4.049868e-01;-1.611577e+00;-3.582586e+00;3.088557e-01;-2.128002e+00;-8.777229e-01;-1.743189e+00;3.365326e-02;-9.767629e-02;2.477631e-01;-1.333433e-01;-2.509103e-01;1.190775e+00;1.729575e-01;-1.717189e+00;-1.181852e+00;5.949618e-01;1.634564e+00;5.887190e-01;2.286153e-01;-6.193756e-02
'unknown';1.450000;-8.127472e+00;4.342764e+00;-1.790800e+01;-3.342574e+00;3.736927e+00;-3.731082e+00;-1.636225e+01;-1.280648e-01;5.061600e+00;-2.794682e+00;3.047072e+00;-7.170486e+00;1.137141e+02;3.160168e-01;4.843656e-01;-5.004176e-01;1.569337e+00;2.314548e+00;-7.066754e-01;-8.954079e-01;-3.359519e+00;-5.654129e-01;6.050889e-01;-2.667964e+00;-2.328616e+00;3.065643e-02;-1.233870e-01;7.342126e-01;8.203271e-01;3.129848e-01;3.652410e-01;-1.515908e-01;2.601283e-01;-2.394645e-01;2.627068e-01;1.298340e+00;1.260796e-01;7.421293e-02;8.479133e-02
'unknown';1.460000;-8.283474e+00;9.798712e+00;-1.450962e+01;1.741401e+00;3.014681e+00;-7.026439e+00;-1.458501e+01;-9.576933e+00;8.829796e+00;-3.982348e+00;-8.323242e+00;-4.399325e+00;1.145360e+02;1.384528e-01;2.182773e+00;1.460030e+00;2.225029e+00;2.630937e+00;1.158057e+00;3.826923e-02;-1.098425e+00;1.068373e+00;2.248227e+00;-8.364097e-01;-2.641930e+00;-1.884605e-01;-3.573654e-01;6.696305e-01;1.109831e+00;-1.909703e-01;-3.381004e-01;-8.162460e-02;1.607038e+00;7.261852e-01;-3.844376e-02;5.967096e-01;9.588892e-01;6.967714e-01;2.053322e-01
'unknown';1.470000;-2.343561e+00;1.314933e+01;-6.265980e+00;1.420771e+01;9.198149e+00;-1.196759e+00;1.584988e+00;6.655992e+00;1.514610e+00;-1.722118e+00;-1.889045e+01;-1.232295e+01;1.146679e+02;-4.297721e-01;3.136333e+00;2.246190e+00;1.719167e+00;5.450915e-01;8.532296e-01;4.739691e+00;-5.965297e-01;8.210238e-01;1.831513e+00;7.745876e-02;-1.391494e+00;7.487343e-01;-5.942409e-01;2.172978e-01;4.141343e-01;-1.203188e+00;-1.083088e+00;-7.931987e-01;6.293274e-01;2.074272e-01;-3.784107e-02;-4.420319e-01;1.326817e+00;1.464949e+00;2.134423e-01
'unknown';1.480000;-7.617610e+00;1.403958e+01;-8.909645e+00;9.076078e+00;8.978344e+00;1.078029e+00;-2.848836e+00;4.307660e+00;5.015935e+00;1.883232e+00;-3.629210e+00;-1.905215e+01;1.142649e+02;-1.610775e+00;2.436110e+00;2.128762e+00;-1.020766e+00;-7.922987e-01;-7.830887e-01;3.606066e+00;-1.333155e+00;-5.765815e-01;2.423340e-01;2.544012e+00;1.272107e+00;7.012756e-01;-2.621727e-01;-6.530579e-01;-3.765995e-01;-1.553235e+00;-9.794723e-01;-1.525218e+00;-9.244525e-01;-7.043159e-02;-8.784069e-01;-8.629537e-01;2.429295e-01;1.855941e+00;3.892921e-02
'unknown';1.490000;-1.060926e+01;1.790399e+01;-9.477043e+00;1.585922e+00;3.480552e+00;-3.517168e+00;1.468127e+00;-1.005301e+01;1.107365e+01;3.430094e+00;1.087349e+00;-6.801544e+00;1.175933e+02;-1.780574e+00;1.444186e+00;1.235888e+00;-2.823705e+00;-1.389273e+00;-3.702096e+00;4.673306e-01;-2.205018e+00;6.785908e-02;-6.021237e-01;2.275911e+00;3.039111e+00;6.529999e-01;3.879060e-01;-1.036474e+00;-8.553556e-01;-1.295516e+00;-5.976003e-01;-6.815827e-01;-1.967891e+00;5.798532e-01;-1.558316e+00;-7.195967e-01;-4.480279e-01;7.991616e-01;-2.607677e-01
'unknown';1.500000;-1.220450e+01;1.960193e+01;-2.260280e+00;2.948466e+00;1.911986e+00;-9.781677e+00;3.503754e+00;-7.888206e+00;1.167369e+00;-5.346785e+00;-5.592084e+00;-7.994902e-01;1.165797e+02;-4.970098e-01;-2.364430e-01;8.218326e-02;-3.269711e+00;-1.299242e+00;-4.190371e+00;-2.447813e+00;-6.463383e-01;-2.947079e+00;-8.497227e-01;-7.209882e-01;4.422472e+00;5.405273e-02;8.908068e-01;-7.059631e-01;-1.046375e+00;-3.869544e-01;-2.960768e-02;4.257287e-01;-1.264995e+00;1.237511e+00;-9.183617e-01;7.124523e-02;-3.142283e-01;-3.178412e-01;-1.220154e-01
'unknown';1.510000;-8.952989e+00;1.758909e+01;-3.411222e+00;3.152993e+00;5.784961e+00;-1.427738e+01;7.453461e-01;1.728834e+00;3.778189e+00;-1.117729e+00;-6.529455e+00;-6.253722e+00;1.167755e+02;9.528757e-01;-7.097601e-01;-1.007299e+00;-3.633941e+00;-2.189438e+00;-8.510426e-01;-2.072825e+00;1.959328e+00;-5.785306e+00;-1.220442e+00;-5.301810e-01;1.029131e+00;-2.314926e-01;7.894150e-01;-1.644351e-01;-6.633629e-01;6.217780e-01;4.808980e-01;1.541344e+00;-3.307920e-01;5.754831e-01;-9.175789e-02;2.758020e-01;6.360952e-01;-5.443875e-01;8.625360e-02
'unknown';1.520000;-1.093080e+01;1.301482e+01;-1.153164e+01;-8.056008e+00;1.329929e+00;-1.449372e+01;-1.472651e+01;-4.814953e+00;-6.071733e+00;-9.147075e-02;-3.425748e+00;2.786302e+00;1.149441e+02;1.476534e+00;-1.673241e-02;-1.981519e+00;-2.550419e+00;-5.402546e-01;-7.997189e-02;-1.448833e+00;2.772228e+00;-2.241807e+00;9.077194e-01;2.375916e+00;6.878912e-01;5.334450e-01;3.235996e-01;1.599223e-01;-6.368063e-02;1.155365e+00;4.332684e-01;1.605920e+00;7.606128e-01;-1.725086e-01;1.607238e+00;5.819075e-01;1.126409e+00;-6.699840e-01;2.279299e-01
'unknown';1.530000;-6.481735e+00;1.764875e+01;-9.877861e+00;-1.108155e+01;-7.175610e+00;-5.416361e+00;2.191358e-01;-1.792994e+00;-1.423333e+01;-5.299776e+00;-2.646723e+00;-3.448784e+00;1.172536e+02;1.179729e+00;5.121554e-01;-1.049075e+00;-7.446055e-02;6.357228e-01;1.949426e+00;-1.686119e+00;-1.036886e+00;-7.435665e-01;-1.018347e-01;3.907935e+00;2.184464e+00;8.445717e-01;-2.574793e-01;-1.766362e-01;2.634073e-01;1.051892e+00;3.728721e-01;7.224185e-01;6.435335e-02;-1.526242e+00;1.856820e+00;9.245113e-01;1.621103e-01;-3.368279e-01;3.623271e-03
'unknown';1.540000;-6.057451e+00;1.948844e+01;-8.934556e+00;-2.686360e+00;5.690998e+00;-1.461205e+01;-3.477305e+00;7.733848e+00;-1.035908e+00;1.282836e+00;4.346132e+00;1.237496e+00;1.190078e+02;1.007562e+00;-4.778938e-02;-2.153319e-01;7.273719e-01;-5.454807e-01;2.438996e+00;1.161899e+00;-1.077452e-02;2.568241e+00;1.500511e+00;2.691998e+00;4.948857e-01;6.556702e-01;-3.448815e-01;-4.442894e-01;4.913574e-01;6.576006e-01;-4.571875e-01;1.440285e-01;3.332948e-01;-1.527960e+00;6.973090e-01;2.390610e-01;-1.630253e+00;-4.380069e-01;-4.410089e-01
'unknown';1.550000;-5.491017e+00;1.691305e+01;-9.955140e+00;9.586637e-02;6.783040e+00;-4.471088e+00;-1.330985e+01;-9.729996e+00;-2.457556e+00;-2.314056e+00;9.124279e+00;5.443000e+00;1.189665e+02;-1.000342e-01;-1.577412e+00;-5.733564e-01;-1.337595e-02;-3.224649e-01;1.501566e+00;-3.056424e+00;-4.280381e+00;1.093768e+00;3.105718e+00;1.223296e-01;-5.585055e-01;-2.744888e-01;-1.143878e-01;-2.295275e-01;5.531422e-01;3.815259e-01;-8.694452e-01;-1.153492e+00;8.389533e-01;2.177461e-01;6.592269e-02;8.347794e-02;-1.844638e+00;-3.304732e-01;-5.949761e-01
'unknown';1.560000;-6.388348e+00;1.314372e+01;-1.256966e+01;-1.000786e+01;-8.376800e+00;-2.771374e+00;-2.152520e+00;-9.003253e-01;8.815841e-01;5.918224e+00;4.148743e+00;8.148381e-01;1.173660e+02;3.920081e-01;-1.193395e+00;2.374084e-01;7.070415e-01;-2.347098e+00;8.641005e-01;9.027936e-01;-3.245824e+00;3.260707e-01;4.992483e-01;-3.882548e+00;-1.306585e-01;-1.112069e+00;1.444478e-02;3.719152e-01;5.853822e-01;6.948575e-01;6.188898e-02;-1.397553e+00;6.716191e-01;1.366039e+00;-2.668478e-01;-4.627428e-01;-4.373140e-01;2.261514e-01;-4.481371e-01
'unknown';1.570000;-6.816458e+00;1.293405e+01;-1.092709e+01;-7.487679e+00;-1.754035e+00;-3.828868e+00;-1.572538e+01;-1.887781e+01;-9.723237e+00;7.911119e+00;-1.936381e+00;-6.029982e+00;1.167021e+02;9.155664e-01;-6.267910e-02;1.490266e+00;1.843334e+00;-2.810694e+00;-3.030586e+00;2.638200e+00;1.669370e+00;7.071319e-01;8.161863e-01;-2.027982e+00;8.448700e-01;-1.246439e+00;5.765136e-02;6.491939e-01;5.560778e-01;6.156985e-01;3.590165e-01;-6.486538e-01;1.281778e+00;2.969975e+00;3.983537e-01;-4.516206e-01;6.577297e-01;3.756328e-01;-1.048382e-01
'unknown';1.580000;-3.434690e+00;1.551096e+01;-7.261538e+00;4.640620e+00;-1.775955e+00;-1.061266e+01;2.244424e+00;-3.921364e+00;4.227286e+00;-1.333511e+00;-9.536277e+00;6.320695e+00;1.145797e+02;5.719852e-01;1.054420e+00;1.679768e+00;3.273304e+00;1.008079e+00;-2.282695e+00;1.672682e+00;3.844543e+00;1.427319e+00;3.315628e-01;1.580584e+00;9.239551e-01;-1.099040e+00;-2.892267e-01;3.549592e-01;3.319395e-01;-1.113508e-01;6.604511e-01;5.962544e-01;-1.233246e-01;1.755810e+00;-9.101188e-02;2.121315e-01;1.390264e+00;-2.867796e-01;1.917077e-01
'unknown';1.590000;-2.390013e+00;1.541603e+01;-5.157872e+00;1.988299e+00;-1.057086e+01;-1.570337e+01;-2.317327e+00;1.273720e-01;-5.947478e-01;5.392743e+00;5.826879e+00;6.914422e+00;1.141275e+02;9.823404e-02;5.446494e-01;1.485853e+00;1.781985e+00;-2.049709e-01;-1.683052e-01;2.967520e+00;7.024309e+00;2.534912e+00;9.314579e-01;6.794125e-01;7.923515e-01;-8.051941e-01;-3.904293e-01;-2.780745e-02;-1.197800e-01;-8.770973e-01;2.519171e-01;1.871554e+00;-6.556996e-01;-3.610081e-01;-5.640180e-01;-2.978302e-01;1.376024e-01;-6.642704e-01;2.993724e-01
'unknown';1.600000;-5.741644e+00;1.717483e+01;-7.055429e+00;1.620677e+00;1.072005e+00;-8.247595e+00;-4.931329e-01;8.819796e+00;3.453936e+00;8.835226e+00;8.170033e+00;-1.037588e+00;1.131581e+02;-6.454592e-01;2.777364e-01;1.899313e+00;1.809620e-01;-3.477045e-01;2.414232e+00;1.215101e-01;2.855758e+00;-1.042879e+00;1.502270e+00;1.715077e+00;-1.538297e+00;-3.741531e-01;-1.511794e-01;-3.150108e-01;-2.137071e-01;-7.652400e-01;-3.167471e-01;1.611438e+00;-5.491630e-01;-2.082267e+00;-1.337662e+00;-1.086827e+00;-5.836422e-01;-5.685679e-01;3.502408e-01
'unknown';1.610000;-5.171811e+00;1.482537e+01;-3.600882e+00;2.932219e+00;-4.202869e+00;-5.852924e+00;4.810042e-01;9.873152e+00;3.337997e+00;7.484040e+00;-7.392474e+00;1.610917e+00;1.133869e+02;-4.278577e-01;1.866255e-01;7.815930e-01;-9.959810e-01;-8.732174e-01;3.978721e+00;1.352882e-01;3.587214e-01;-8.778589e-01;-1.258319e+00;-1.407217e+00;-1.245356e+00;-1.120209e-01;-3.715057e-02;-4.116186e-01;-2.404353e-01;-8.364692e-02;1.581130e-02;8.963932e-01;-5.033530e-01;-2.622586e+00;-1.053410e+00;-7.282288e-01;-7.384138e-02;-1.679976e-02;3.079498e-01
'unknown';1.620000;-5.271087e+00;1.719498e+01;1.456530e+00;5.073470e+00;-6.698470e+00;-3.466718e+00;1.452809e+00;5.484537e+00;-2.953480e+00;5.132192e+00;5.648785e+00;1.280962e+00;1.130792e+02;7.913394e-02;-3.416224e-01;9.633623e-01;8.360876e-01;-2.415332e-01;3.700983e+00;3.429832e-01;-3.233998e+00;-3.554604e+00;-4.007683e+00;-2.943126e-01;-9.000310e-01;3.055771e-01;6.995491e-02;-3.625804e-01;-3.844899e-01;5.416919e-01;9.048243e-01;-6.096912e-03;4.434600e-02;-1.035128e+00;4.237259e-01;4.492977e-01;-3.106694e-01;4.616149e-01;1.511131e-01
'unknown';1.630000;-4.764580e+00;1.633908e+01;-5.505887e+00;-4.718002e+00;-1.105170e+01;1.799791e+00;-2.613856e+00;3.588609e+00;-1.780335e+00;9.526668e-01;5.141912e-02;-4.716325e-01;1.136068e+02;-4.498154e-01;-1.203765e+00;7.516513e-01;1.036188e+00;-1.790001e-01;3.670286e+00;3.400188e-01;-3.043743e+00;-1.476276e+00;4.529057e-02;1.314900e+00;3.892196e-01;3.946899e-01;1.198465e-03;-1.933573e-01;-2.883185e-01;7.635578e-01;1.219806e+00;-1.203411e+00;-3.280182e-01;9.091044e-03;1.025763e+00;1.773924e+00;3.440910e-01;3.954201e-01;-8.996270e-02
'unknown';1.640000;-5.549590e+00;1.470986e+01;-1.286115e+00;9.626225e+00;3.288757e+00;6.430962e+00;2.769213e+00;-4.207923e+00;-1.175992e+01;-7.937504e+00;2.976523e+00;-4.496468e+00;1.145760e+02;-2.847058e-01;-8.399706e-01;-8.165884e-03;1.873337e+00;3.829308e+00;2.537965e+00;2.408748e-01;-6.186503e-01;1.374960e+00;3.096954e+00;-1.199328e+00;-4.751039e-02;1.280571e-01;-1.036820e-02;-1.930805e-02;-8.217729e-01;-3.685849e-01;5.612544e-01;-1.711025e+00;-9.280285e-01;9.595547e-01;1.051197e+00;1.186561e+00;1.708424e-01;3.435253e-01;-2.508610e-01
'unknown';1.650000;-7.281637e+00;1.004910e+01;1.528697e+00;5.836779e+00;-1.009148e+01;7.549666e+00;1.522896e+00;-4.993339e-01;3.598358e-01;1.424534e+01;5.181588e-01;6.445729e+00;1.146119e+02;-2.399455e-01;-5.309868e-01;-1.742353e-01;2.303183e+00;3.190391e+00;-1.456826e+00;-1.453748e+00;-9.034972e-01;1.786174e+00;4.058983e+00;7.657459e-01;3.054843e-01;-4.730743e-01;-2.203721e-02;6.696616e-02;-1.025941e+00;-8.086504e-01;8.435655e-02;-1.546237e+00;-1.060872e+00;4.225730e-01;-9.123654e-01;-1.697029e+00;-3.470975e-01;-4.926747e-01;-2.700262e-01
'unknown';1.660000;-5.436088e+00;1.614012e+01;-2.101591e+00;9.162765e+00;1.196796e+01;6.348170e+00;5.888065e-01;4.435256e+00;2.851233e+00;1.397062e+01;-5.812266e-01;-2.415271e+00;1.132169e+02;-7.764196e-02;-7.745515e-01;-2.682559e+00;-1.640334e+00;8.800434e-01;-2.290584e+00;-3.400275e+00;4.936523e-01;7.015710e-02;-8.172617e-02;8.344765e-01;8.594631e-01;-5.148460e-01;-1.547339e-01;-4.655797e-02;-3.993294e-01;-8.274608e-01;-1.407300e+00;-4.853497e-01;-3.676454e-01;-1.763734e-01;-1.731714e+00;-2.566800e+00;-1.145184e-01;-3.411532e-01;-8.913749e-02
'unknown';1.670000;-6.021059e+00;1.296902e+01;-5.969326e+00;7.029644e+00;5.606496e-01;-5.442941e+00;-8.792395e+00;-5.250467e+00;-1.550392e-01;1.029352e+01;5.659024e+00;1.519062e-02;1.119210e+02;-6.635333e-01;-9.016433e-01;-3.040857e+00;-1.250229e+00;1.717415e+00;-1.646626e+00;-3.143768e+00;-1.487030e+00;-5.385702e+00;-6.850514e+00;-1.437490e+00;-2.527641e+00;-6.339897e-01;-6.807704e-02;1.945333e-01;3.758494e-01;-5.744058e-01;-1.150073e+00;8.396232e-01;8.310814e-01;3.016971e-01;-8.201760e-01;-1.036522e+00;-3.179339e-01;-1.667799e-01;1.208234e-01
'unknown';1.680000;-6.568089e+00;9.377141e+00;-1.094990e+01;8.281199e-01;2.362907e+00;1.474346e+00;-9.074520e+00;6.359049e-01;-1.115169e+01;-6.370223e+00;4.578473e+00;3.016117e+00;1.133473e+02;-8.465813e-01;-8.874322e-01;-5.715023e-01;-4.872609e-01;-2.470703e+00;2.061174e-01;-7.523427e-01;-1.208751e+00;-3.697673e+00;-4.282297e+00;-6.703022e-01;-3.367140e-01;-2.371727e-01;5.504129e-01;6.558053e-01;8.476211e-01;1.604198e-01;-4.493634e-01;7.083637e-01;1.541666e+00;3.229600e-01;6.508689e-01;1.691006e+00;3.315215e-02;-1.971419e-01;3.570482e-01
'unknown';1.690000;-1.003330e+01;8.922377e+00;-9.251434e+00;3.752957e+00;3.298117e+00;1.753446e+00;-9.364281e+00;-6.034806e+00;-1.956721e+01;-9.836803e+00;-9.249139e+00;-8.908170e+00;1.113768e+02;-1.958610e-01;4.981200e-01;6.494835e-01;-1.145382e+00;-8.846032e-01;1.492940e+00;1.377692e+00;1.456190e+00;-4.307911e-01;9.766566e-01;-7.153440e-02;6.967342e-02;-7.794189e-03;1.210130e+00;9.937480e-01;3.224699e-01;-3.050366e-01;1.148617e-02;4.725941e-01;1.631279e+00;7.549020e-01;1.518880e+00;2.372044e+00;2.461981e-01;1.321432e-01;5.932287e-01
'unknown';1.700000;-7.662872e+00;1.372628e+01;-3.318048e+00;8.364803e+00;-1.754291e+00;3.780564e+00;-2.886964e+00;-1.216330e+00;-5.931048e+00;2.624299e+00;3.521344e+00;3.628392e-01;1.123032e+02;2.440586e+00;1.804593e+00;-2.896231e-01;-8.906589e-01;-6.576452e-02;-3.185485e-01;2.047323e+00;6.368423e-01;8.470461e-01;4.459721e+00;3.172596e-01;-1.424904e+00;9.572975e-01;9.542215e-01;8.154085e-01;-4.512246e-01;-1.481623e-01;8.138719e-01;4.098625e-02;8.286241e-01;4.869110e-01;4.698425e-01;3.273256e-01;-3.407694e-01;-1.968294e-01;3.803016e-01
'unknown';1.710000;-6.452972e+00;1.328505e+01;-6.537832e+00;-2.465610e+00;-1.803768e+00;8.686478e-01;-4.997712e+00;2.956599e+00;-4.919318e+00;1.067954e+01;5.829916e+00;1.690197e+00;1.124041e+02;3.743532e+00;2.721084e+00;-1.569447e+00;-2.573713e+00;5.723763e-01;9.786768e-01;3.612796e+00;1.364684e+00;-6.366167e-02;6.386967e-01;-7.002800e-01;-1.322830e+00;1.734919e+00;1.225041e-01;1.674646e-01;-5.593323e-01;2.835453e-01;4.609086e-02;2.037224e-01;2.504461e-01;2.439362e-01;-3.061363e-01;-1.099435e+00;-4.284633e-01;3.626025e-01;1.158188e-01
'unknown';1.720000;3.844677e+00;1.621877e+01;-1.375481e+01;-5.158908e-01;4.585027e+00;3.240020e-01;-1.021193e+00;-6.755860e-01;-1.424041e+01;5.670209e+00;-1.374757e+00;-9.407583e+00;1.176201e+02;1.954830e+00;2.078128e+00;-1.718160e+00;-5.139074e-01;8.701660e-01;6.681801e-01;2.273226e+00;1.271557e+00;-1.532025e+00;-2.476689e+00;-2.059776e+00;-6.246094e-01;7.929786e-01;-1.059747e+00;-5.633498e-01;-9.826481e-03;2.252514e-01;-7.569431e-01;1.187273e-01;-4.587138e-01;5.478822e-01;-3.333525e-01;-1.065669e+00;-2.854186e-01;1.152323e+00;-3.022094e-01
'unknown';1.730000;2.930583e+00;2.128155e+01;-1.188029e+01;-4.675259e+00;2.990340e+00;8.375111e+00;7.766811e+00;5.182415e-01;-1.573084e+01;-8.166275e+00;-1.030249e+01;-1.063711e+01;1.173929e+02;6.595377e-01;1.198676e+00;-1.432909e+00;8.396868e-02;-1.122114e+00;2.018187e+00;2.516971e+00;2.358513e+00;-7.719369e-01;-1.052316e+00;-1.025333e+00;1.482539e+00;6.534592e-01;-1.332257e+00;-1.212077e+00;2.733186e-01;3.347932e-01;-1.012703e+00;-1.011235e+00;-1.347856e+00;-2.556153e-01;-7.847472e-02;5.071588e-01;3.301155e-01;7.465177e-01;-3.905910e-01
'unknown';1.740000;-2.580500e+00;2.011867e+01;-9.237622e+00;6.900091e+00;1.994856e-01;3.368233e+00;2.096905e+00;6.360633e+00;-8.185415e+00;-3.362375e-01;1.288665e+00;3.403445e+00;1.137737e+02;-1.316150e+00;-2.509518e-01;-4.070244e-01;-1.093243e+00;-3.003235e+00;-2.446671e-01;3.016658e-01;2.879338e+00;-4.655786e-01;-2.311688e-02;-9.473069e-01;2.934028e+00;-1.301956e-02;-7.220270e-01;-1.026482e+00;4.896859e-01;-3.811377e-01;-9.514192e-01;-1.543412e+00;-1.082160e+00;-1.421935e+00;-8.709362e-02;5.703889e-01;8.978637e-02;-8.990752e-01;-1.684441e-01
'unknown';1.750000;5.730518e-02;1.732848e+01;-1.596097e+01;-5.753757e+00;-5.221568e+00;9.437469e+00;6.028093e+00;1.123106e+01;-1.180650e+01;8.421183e+00;-6.284592e-01;2.697378e+00;1.175946e+02;-1.282263e+00;-2.174761e+00;-8.584220e-01;-6.100790e-01;-2.554440e+00;-3.621077e+00;-2.140704e+00;-7.172834e-01;-9.892586e-01;1.947704e+00;3.940628e-01;6.304394e-01;1.849632e-01;-2.798309e-01;-4.265462e-01;8.023311e-01;-1.094728e-01;-3.572865e-01;-1.714614e+00;-7.416562e-01;-2.255584e+00;-7.990025e-02;-3.699413e-01;-2.594384e-01;-2.109733e+00;-2.483223e-01
'unknown';1.760000;-1.299435e+00;1.694055e+01;-1.374959e+01;-5.442854e+00;-6.325192e+00;-1.430513e+00;1.356495e+00;8.364698e+00;-1.853047e+01;-2.739104e+00;-1.094831e+01;-1.404684e+00;1.174542e+02;-6.844049e-01;-1.367566e+00;4.430258e-01;-2.072572e+00;-3.170768e+00;-4.229249e+00;-8.087352e-01;-4.300219e+00;-1.858833e+00;-1.124754e+00;-2.320542e+00;-4.693935e+00;1.850059e-01;1.855156e-01;2.693343e-01;7.282447e-01;1.973278e-01;5.668845e-02;-4.050088e-01;2.282283e-01;-1.739676e+00;2.580397e-01;-5.593523e-01;-1.026155e-01;-1.987887e+00;-1.968900e-01
'unknown';1.770000;-4.121264e+00;1.199681e+01;-1.391641e+01;-1.554181e+00;-6.519520e+00;-7.330902e+00;-2.566505e+00;-4.070208e+00;-1.550460e+01;2.773680e+00;-2.213689e+00;-5.080846e+00;1.164775e+02;-1.055490e+00;-3.757478e-01;2.153722e+00;2.626967e-02;-2.824780e+00;-4.562590e+00;-6.361096e-01;-5.329630e+00;-4.748112e-01;-2.351203e+00;-1.635907e+00;-5.252143e+00;-6.871651e-01;2.830181e-01;7.493248e-01;5.350600e-01;1.264602e-01;2.300682e-01;8.847278e-01;7.747468e-01;8.540685e-02;4.354376e-01;-5.805054e-01;-1.836080e-01;-5.069568e-01;-1.604433e-01
'unknown';1.780000;-3.913240e+00;1.594668e+01;-8.044774e+00;-5.562557e+00;-1.500538e+01;-9.393825e+00;2.350529e+00;-7.489831e+00;-1.563053e+01;-3.136258e+00;-9.521432e+00;-1.617712e+01;1.152572e+02;-5.019588e-01;1.962132e-01;1.728127e+00;-4.247782e-01;-2.584622e+00;-1.798955e+00;6.905101e-01;-3.512868e+00;5.673963e-01;-6.704246e-01;-4.453995e-01;-4.064115e+00;-5.614052e-01;2.465904e-01;3.900853e-01;-1.865446e-01;3.317200e-01;7.469144e-01;1.260850e+00;3.236987e-01;1.324614e+00;4.167291e-01;3.418725e-01;4.815443e-01;1.242076e+00;7.310563e-03
